<?xml version="1.0" encoding="utf-8" standalone="yes"?>
<window>
	<defaultcontrol>123</defaultcontrol>
	<zorder>2</zorder>
	<coordinates>
		<system>1</system>
		<posx>0</posx>
		<posy>0</posy>
	</coordinates>
	<controls>
		<control type="group">
			<posx>40</posx>
			<posy>40</posy>
			<control type="image" id="251">
				<description>Large Back</description>
				<posx>8</posx>
				<posy>2</posy>
				<width>1184</width>
				<height>636</height>
				<texture>forum-browser-sequel-white_square.png</texture>
				<colordiffuse>FF808080</colordiffuse>
			</control>
			<control type="image" id="251">
				<description>Large Back</description>
				<posx>10</posx>
				<posy>4</posy>
				<width>1180</width>
				<height>632</height>
				<texture>forum-browser-sequel-white_square.png</texture>
				<colordiffuse>FF000000</colordiffuse>
			</control>
			<control type="image">
				<posx>10</posx>
				<posy>4</posy>
				<width>1180</width>
				<height>50</height>
				<texture>forum-browser-sequel-white_square.png</texture>
				<colordiffuse>FF404040</colordiffuse>
			</control>
			<control type="label" id="104">
				<description>Caption</description>
				<posx>10</posx>
				<posy>4</posy>
				<width>1180</width>
				<height>50</height>
				<font>ForumBrowser-font13</font>
				<textcolor>FFFFFFFF</textcolor>
				<aligny>center</aligny>
				<align>center</align>
				<wrapmultiline>true</wrapmultiline>
				<label>[B]$INFO[Window.Property(caption)][/B]</label>
			</control>

			<control type="textbox" id="122">
				<posx>25</posx>
				<posy>54</posy>
				<width>1150</width>
				<height>582</height>
				<pagecontrol>123</pagecontrol>
				<colordiffuse>FFFFFFFF</colordiffuse>
				<font>ForumBrowser-font13</font>
				<scroll>true</scroll>
				<textcolor>FFFFFFFF</textcolor>
				<visible>true</visible>
				<label>$INFO[Window.Property(text)]</label>
			</control>

			<control type="scrollbar" id="123">
				<description>Message Scrollbar</description>
				<posx>1186</posx>
				<posy>54</posy>
				<width>4</width>
				<height>582</height>
				<texturesliderbackground>-</texturesliderbackground>
				<texturesliderbar>forum-browser-sequel-white_square.png</texturesliderbar>
				<texturesliderbarfocus>forum-browser-sequel-white_square.png</texturesliderbarfocus>
				<textureslidernib>-</textureslidernib>
				<textureslidernibfocus>-</textureslidernibfocus>
				<orientation>vertical</orientation>
				<showonepage>true</showonepage>
				<colordiffuse>$INFO[Window(10000).Property(ForumBrowser_selection_color_FORUM)]</colordiffuse>
				<visible>Control.IsVisible(122)</visible>
			</control>
		</control>

	</controls>
</window>
