<?xml version="1.0" encoding="UTF-8" standalone="yes"?>
<addon id="ruuk.alpha.repository"
        name="ruuk's Alpha Addon Repo"
        version="2.0.0"
        provider-name="Rick Phillips (ruuk)">
        <extension point="xbmc.addon.metadata">
                <platform>all</platform>
                <summary lang="en">ruuk's Alpha Addon Repo</summary>
                <description lang="en">ruuk's XBMC addon repository for testing and (if you're really lucky) broken versions.</description>
        </extension>
        <extension point="xbmc.addon.repository"
                name="ruuk's addon repository">
                <info>https://raw.githubusercontent.com/ruuk/repository/master/alpha/addons.xml</info>
                <checksum>https://raw.githubusercontent.com/ruuk/repository/master/alpha/addons.xml.md5</checksum>
                <datadir zip="true">https://raw.githubusercontent.com/ruuk/repository/master/alpha/</datadir>
        </extension>
</addon>