<keymap>
  <global>
    <keyboard>
      <f1>XBMC.RunScript(service.xbmc.tts,key.REPEAT)</f1>
      <f2>XBMC.RunScript(service.xbmc.tts,key.EXTRA)</f2>
      <f3>XBMC.RunScript(service.xbmc.tts,key.ITEM_EXTRA)</f3>
      <f4>XBMC.RunScript(service.xbmc.tts,key.STOP)</f4>
      <f6>XBMC.Addon.OpenSettings(service.xbmc.tts)</f6>
      <f12>XBMC.RunScript(script.library.xbmc.tts,TOGGLE)</f12>
    </keyboard>
  </global>
  <FullscreenVideo>
    <keyboard>
    </keyboard>
  </FullscreenVideo>
</keymap>
