<?xml version="1.0" encoding="utf-8"?>
<window>
    <defaultcontrol>1000</defaultcontrol>
    <zorder>6</zorder>
    <coordinates>
        <system>1</system>
        <posx>0</posx>
        <posy>0</posy>
    </coordinates>
    <include>Animation_DialogZoom</include>
    <onunload condition="Substring(Skin.String(widgetlist),favourite) | Substring(Skin.String(widget2list),favourite)">AlarmClock(FavouriteUpdate,RunScript(script.favourites),00:01,silent)</onunload>
    <controls>
        <include condition="Skin.HasSetting(effect_bg)">BG_Effect_Home</include>
        <control type="image" id="999">
            <width>462</width>
            <height>1080</height>
            <colordiffuse>$VAR[SpotColorVar2]</colordiffuse>
            <texture>$VAR[ContextMiddleVar]</texture>
        </control>
        <control type="grouplist" id="996">
            <width>462</width>
            <height max="1080">auto</height>
            <control type="button" id="2001">
                <height>58</height>
                <width>462</width>
                <textcolor>context</textcolor>
                <focusedcolor>white2</focusedcolor>
                <texturenofocus>dialogs/context_nofocus.png</texturenofocus>
                <texturefocus>dialogs/context_highlight.png</texturefocus>
                <colordiffuse>$VAR[SpotColorVar2]</colordiffuse>
                <align>center</align>
                <font>Font_Reg19</font>
                <textoffsety>12</textoffsety>
                <label>$VAR[ContextMenuLabel2001]</label>
                <onclick>RunScript(script.metadata.actors,$INFO[ListItem.Label])</onclick>
                <visible>System.HasAddon(script.metadata.actors)</visible>
                <visible>Container.Content(Actors) | Container.Content(Directors) | Container.Content(Artists)</visible>
            </control>
            <control type="button" id="2007">
                <height>58</height>
                <width>462</width>
                <textcolor>context</textcolor>
                <focusedcolor>white2</focusedcolor>
                <texturenofocus>dialogs/context_nofocus.png</texturenofocus>
                <texturefocus>dialogs/context_highlight.png</texturefocus>
                <colordiffuse>$VAR[SpotColorVar2]</colordiffuse>
                <align>center</align>
                <font>Font_Reg19</font>
                <textoffsety>12</textoffsety>
                <label>$LOCALIZE[31096]</label>
                <visible>Container.Content(artists) | Container.Content(actors) | Container.Content(directors)</visible>
                <onclick>ActivateWindow(videos,plugin://plugin.video.youtube/?path=/root/search&amp;feed=search&amp;search=$INFO[ListItem.Label],return)</onclick>
            </control>
            <control type="button" id="2009">
                <height>58</height>
                <width>462</width>
                <textcolor>context</textcolor>
                <focusedcolor>white2</focusedcolor>
                <texturenofocus>dialogs/context_nofocus.png</texturenofocus>
                <texturefocus>dialogs/context_highlight.png</texturefocus>
                <colordiffuse>$VAR[SpotColorVar2]</colordiffuse>
                <align>center</align>
                <font>Font_Reg19</font>
                <textoffsety>12</textoffsety>
                <label>$LOCALIZE[31096]</label>
                <visible>Container.Content(albums) | Container.Content(songs)</visible>
                <onclick>ActivateWindow(videos,plugin://plugin.video.youtube/?path=/root/search&amp;feed=search&amp;search=$INFO[ListItem.Artist] $INFO[ListItem.Label],return)</onclick>
            </control>
            <control type="button" id="2011">
                <height>58</height>
                <width>462</width>
                <textcolor>context</textcolor>
                <focusedcolor>white2</focusedcolor>
                <texturenofocus>dialogs/context_nofocus.png</texturenofocus>
                <texturefocus>dialogs/context_highlight.png</texturefocus>
                <colordiffuse>$VAR[SpotColorVar2]</colordiffuse>
                <align>center</align>
                <font>Font_Reg19</font>
                <textoffsety>12</textoffsety>
                <label>31033</label>
                <visible>Container.Content(albums) | Container.Content(songs) | Substring(ListItem.FolderPath,.xsp,right) | Substring(ListItem.FolderPath,.m3u,right)</visible>
                <onclick condition="Container.Content(albums)">Skin.SetString(Startup_Playlist_Path,RunScript(script.playalbum,albumid=$INFO[ListItem.DBID]))</onclick>
                <onclick condition="Container.Content(songs)">Skin.SetString(Startup_Playlist_Path,RunScript(script.playalbum,songid=$INFO[ListItem.DBID]))</onclick>
                <onclick condition="Substring(ListItem.FolderPath,.xsp,right) | Substring(ListItem.FolderPath,.m3u,right)">Skin.SetString(Startup_Playlist_Path,$INFO[ListItem.FolderPath])</onclick>
                <onclick>Skin.SetBool(Use_Startup_Playlist)</onclick>
            </control>
            <control type="button" id="2006">
                <height>58</height>
                <width>462</width>
                <textcolor>context</textcolor>
                <focusedcolor>white2</focusedcolor>
                <texturenofocus>dialogs/context_nofocus.png</texturenofocus>
                <texturefocus>dialogs/context_highlight.png</texturefocus>
                <colordiffuse>$VAR[SpotColorVar2]</colordiffuse>
                <align>center</align>
                <font>Font_Reg19</font>
                <textoffsety>12</textoffsety>
                <label>31620</label>
                <onclick>SetProperty(SetPanelItem,1,home)</onclick>
                <onclick>ActivateWindow(1132)</onclick>
                <visible>[Container.Content(addons) + !Window.IsActive(addonbrowser)]| Container.Content(albums)</visible>
                <onclick>Skin.SetString($INFO[Window(home).Property(MenuItem)].Label,$INFO[ListItem.Label])</onclick>
                <onclick>Skin.SetString($INFO[Window(home).Property(MenuItem)].Icon,$INFO[ListItem.Icon])</onclick>
                <onclick condition="Container.Content(addons)">Skin.SetString($INFO[Window(home).Property(MenuItem)].Type,1)</onclick>
                <onclick condition="Container.Content(addons)">Skin.SetString($INFO[Window(home).Property(MenuItem)].Path,$INFO[ListItem.Property(Addon.ID)])</onclick>
                <onclick condition="Container.Content(albums)">Skin.SetString($INFO[Window(home).Property(MenuItem)].Type,7)</onclick>
                <onclick condition="Container.Content(albums)">Skin.SetString($INFO[Window(home).Property(MenuItem)].Path,RunScript(script.playalbum,albumid=$INFO[ListItem.DBID]))</onclick>
            </control>
            <control type="button" id="2017">
                <height>58</height>
                <width>462</width>
                <textcolor>context</textcolor>
                <focusedcolor>white2</focusedcolor>
                <texturenofocus>dialogs/context_nofocus.png</texturenofocus>
                <texturefocus>dialogs/context_highlight.png</texturefocus>
                <colordiffuse>$VAR[SpotColorVar2]</colordiffuse>
                <align>center</align>
                <font>Font_Reg19</font>
                <textoffsety>12</textoffsety>
                <label>$VAR[ContextMenuTrailerButtonLabelVar]</label>
                <visible>Container.Content(movies) | [!IsEmpty(Window.Property(SongToMusicVideo.Path)) + Window.IsActive(musiclibrary)]</visible>
                <onclick condition="Container.Content(movies) + !IsEmpty(ListItem.Trailer)">Dialog.Close(106)</onclick>
                <onclick condition="Container.Content(movies) + !IsEmpty(ListItem.Trailer)">SetFocus(7566)</onclick>
                <onclick condition="Container.Content(movies) + IsEmpty(ListItem.Trailer)">ActivateWindow(videos,plugin://plugin.video.youtube/?path=/root/search&amp;feed=search&amp;search=$INFO[ListItem.Label] Trailer,return)</onclick>
                <onclick condition="!IsEmpty(Window.Property(SongToMusicVideo.Path)) + Window.IsActive(musiclibrary)">PlayMedia($ESCINFO[Window.Property(SongToMusicVideo.Path)])</onclick>
            </control>
            <control type="button" id="2010">
                <height>58</height>
                <width>462</width>
                <textcolor>context</textcolor>
                <focusedcolor>white2</focusedcolor>
                <texturenofocus>dialogs/context_nofocus.png</texturenofocus>
                <texturefocus>dialogs/context_highlight.png</texturefocus>
                <colordiffuse>$VAR[SpotColorVar2]</colordiffuse>
                <align>center</align>
                <font>Font_Reg19</font>
                <textoffsety>12</textoffsety>
                <label>518</label>
                <visible>Window.IsActive(addonbrowser) + [Substring(ListItem.Property(Addon.ID),script.,left) | Substring(ListItem.Property(Addon.ID),plugin.,left)]</visible>
                <onclick condition="Substring(ListItem.Property(Addon.ID),script.,left)">Runscript($INFO[ListItem.Property(Addon.ID)])</onclick>
                <onclick condition="Substring(ListItem.Property(Addon.ID),plugin.,left)">RunAddon($INFO[ListItem.Property(Addon.ID)])</onclick>
            </control>
            <control type="button" id="2008">
                <height>58</height>
                <width>462</width>
                <textcolor>context</textcolor>
                <focusedcolor>white2</focusedcolor>
                <texturenofocus>dialogs/context_nofocus.png</texturenofocus>
                <texturefocus>dialogs/shutdown_focus.png</texturefocus>
                <colordiffuse>$VAR[SpotColorVar2]</colordiffuse>
                <align>center</align>
                <font>Font_Reg19</font>
                <textoffsety>12</textoffsety>
                <label>$LOCALIZE[24007]</label>
                <onclick>RunScript(script.moviesets,moviesetinfo)</onclick>
                <visible>Window.IsActive(videos) + System.HasAddon(script.moviesets)</visible>
                <visible>[System.GetBool(videolibrary.groupmoviesets) + SubString(ListItem.Path,videodb://1/7/)] | SubString(Container.FolderPath,videodb://1/7/)</visible>
            </control>
            <control type="button" id="995">
            	<visible>System.HasAddon(script.module.sharesocial) + !ListItem.IsFolder + !StringCompare(Container.FolderPath,) + !Container.Content(Addons) + !StringCompare(ListItem.Property(sharing),handled) + !SubString(ListItem.FileNameAndPath,plugin://,Left)</visible>
				<description>Share button</description>
				<height>58</height>
                <width>462</width>
				<label>Share</label>
				<textcolor>context</textcolor>
				<focusedcolor>white2</focusedcolor>
				<texturenofocus>dialogs/context_nofocus.png</texturenofocus>
				<texturefocus>dialogs/context_highlight.png</texturefocus>
				<colordiffuse>$VAR[SpotColorVar2]</colordiffuse>
				<align>center</align>
				<font>Font_Reg19</font>
				<pulseonselect>no</pulseonselect>
				<textoffsety>12</textoffsety>
				<onclick>RunScript(script.module.sharesocial,1,skin.aeon.nox,Aeon Nox,$INFO[ListItem.FileExtension],$INFO[Listitem.PicturePath],$INFO[Listitem.Title],$INFO[Container.FolderPath],$INFO[ListItem.FileName],$INFO[Listitem.Label],$INFO[ListItem.FileNameAndPath])</onclick>
			</control>
        </control>
        <control type="image" id="997">
            <posy>-39</posy>
            <width>462</width>
            <height>39</height>
            <colordiffuse>$VAR[SpotColorVar2]</colordiffuse>
            <texture>$VAR[ContextTopVar]</texture>
        </control>
        <control type="image" id="998">
            <posy>585</posy>
            <width>462</width>
            <height>40</height>
            <colordiffuse>$VAR[SpotColorVar2]</colordiffuse>
            <texture>$VAR[ContextBottomVar]</texture>
        </control>
        <control type="button" id="1000">
            <height>59</height>
            <width>462</width>
            <textcolor>context</textcolor>
            <focusedcolor>white2</focusedcolor>
            <texturenofocus>dialogs/context_nofocus.png</texturenofocus>
            <texturefocus>dialogs/context_highlight.png</texturefocus>
            <colordiffuse>$VAR[SpotColorVar2]</colordiffuse>
            <align>center</align>
            <aligny>top</aligny>
            <font>Font_Reg19</font>
            <textoffsety>8</textoffsety>
        </control>
    </controls>
</window>