<window id="106">
	<defaultcontrol>1000</defaultcontrol>
	<include>dialogeffect</include>
	<coordinates>
		<system>1</system>
		<posx>0</posx>
		<posy>0</posy>
	</coordinates>
	<controls>
		<control type="image" id="999">
			<description>background image</description>
			<posx>0</posx>
			<posy>0</posy>
			<width>340</width>
			<height>720</height>
			<texture border="20">DialogBack.png</texture>
		</control>
		<control type="grouplist" id="996">
			<description>grouplist for context buttons</description>
			<posx>20</posx>
			<posy>30</posy>
			<width>300</width>
			<height max="670">auto</height>
			<itemgap>2</itemgap>
			<onright>995</onright>
		</control>
		<control type="button">
			<description>Close Window button</description>
			<posx>260</posx>
			<posy>5</posy>
			<width>64</width>
			<height>32</height>
			<label>-</label>
			<font>-</font>
			<onclick>PreviousMenu</onclick>
			<texturefocus>DialogCloseButton-focus.png</texturefocus>
			<texturenofocus>DialogCloseButton.png</texturenofocus>
			<onleft>2</onleft>
			<onright>2</onright>
			<onup>2</onup>
			<ondown>2</ondown>
			<visible>system.getbool(input.enablemouse)</visible>
		</control>
		<control type="group">
			<visible>System.HasAddon(script.module.sharesocial) + !ListItem.IsFolder + !StringCompare(Container.FolderPath,) + !Container.Content(Addons) + !StringCompare(ListItem.Property(sharing),handled) + !SubString(ListItem.FileNameAndPath,plugin://,Left)</visible>
			<posx>335</posx>
			<posy>10</posy>
			<control type="image">
				<description>Share button background image</description>
				<posx>0</posx>
				<posy>0</posy>
				<width>168</width>
				<height>72</height>
				<texture border="20">DialogBack.png</texture>
			</control>
			<control type="button" id="995">
				<description>Share button</description>
				<posx>20</posx>
				<posy>20</posy>
				<width>128</width>
				<height>32</height>
				<label>Share</label>
				<font>fontContextMenu</font>
				<align>center</align>
				<textcolor>grey2</textcolor>
				<focusedcolor>white</focusedcolor>
				<onclick>RunScript(script.module.sharesocial,1,skin.confluence,Confluence,$INFO[ListItem.FileExtension],$INFO[Listitem.PicturePath],$INFO[Listitem.Title],$INFO[Container.FolderPath],$INFO[ListItem.FileName],$INFO[Listitem.Label],$INFO[ListItem.FileNameAndPath])</onclick>
				<texturefocus border="5">button-focus.png</texturefocus>
				<onleft>996</onleft>
				<onright>996</onright>
				<onup>996</onup>
				<ondown>996</ondown>
			</control>
		</control>
		<control type="group">
            <visible>!PLUGIN_SHARE_VISIBLE!</visible>
			<posx>335</posx>
			<posy>10</posy>
			<control type="image">
				<description>Share button background image</description>
				<posx>0</posx>
				<posy>0</posy>
				<width>168</width>
				<height>72</height>
				<texture border="20">DialogBack.png</texture>
			</control>
			<control type="button" id="994">
				<description>Share button</description>
				<posx>20</posx>
				<posy>20</posy>
				<width>128</width>
				<height>32</height>
				<label>Share</label>
				<font>fontContextMenu</font>
				<align>center</align>
				<textcolor>grey2</textcolor>
				<focusedcolor>white</focusedcolor>
				<onclick>RunScript(script.module.sharesocial,1,skin.confluence,$INFO[ListItem.Property(Addon.Name)],plugin,$INFO[ListItem.Thumb],$INFO[Listitem.Title],$INFO[Container.FolderPath],$INFO[ListItem.FileName],$INFO[Listitem.Label],$INFO[ListItem.FileNameAndPath])</onclick>
				<texturefocus border="5">button-focus.png</texturefocus>
				<onleft>996</onleft>
				<onright>996</onright>
				<onup>996</onup>
				<ondown>996</ondown>
			</control>
		</control>
		<control type="button" id="1000">
			<description>button template</description>
			<posx>-</posx>
			<posy>-</posy>
			<width>300</width>
			<height>38</height>
			<font>fontContextMenu</font>
			<align>center</align>
			<textcolor>grey2</textcolor>
			<focusedcolor>white</focusedcolor>
			<texturefocus border="5">button-focus.png</texturefocus>
		</control>
	</controls>
</window>
