<?xml version="1.0" encoding="utf-8" standalone="yes"?>
<window>
	<defaultcontrol>320</defaultcontrol>
	<coordinates>
		<system>1</system>
		<posx>0</posx>
		<posy>0</posy>
	</coordinates>
	<controls>
		<control type="group">
			<posx>245</posx>
			<posy>95</posy>
			<control type="image"  id="100">
				<description>shadow</description>
				<posx>-20</posx>
				<posy>-50</posy>
				<width>820</width>
				<height>590</height>
				<texture border="10">forum-browser-video-white.png</texture>
				<colordiffuse>44000000</colordiffuse>
			</control>
			<control type="image">
				<posx>-10</posx>
				<posy>-40</posy>
				<width>800</width>
				<height>570</height>
				<texture border="10">forum-browser-video-box.png</texture>
				<colordiffuse>FF4488AA</colordiffuse>
			</control>
			
			<control type="image">
				<posx>410</posx>
				<posy>-20</posy>
				<width>370</width>
				<height>530</height>
				<texture border="10">forum-browser-video-box-light.png</texture>
			</control>
			<control type="textbox" id="310">
				<posx>420</posx>
				<posy>-10</posy>
				<width>350</width>
				<height>510</height>
				<font>ForumBrowser-font13</font>
				<textcolor>FFFFFFFF</textcolor>
				<align>left</align>
				<info>Container(320).ListItem.Property(help)</info>
			</control>
			
			<control type="image">
				<posx>0</posx>
				<posy>-30</posy>
				<width>400</width>
				<height>550</height>
				<texture border="10">forum-browser-video-box-light.png</texture>
			</control>
			
			<control type="image">
				<posx>0</posx>
				<posy>-30</posy>
				<width>400</width>
				<height>40</height>
				<texture border="10">forum-browser-video-box-header.png</texture>
			</control>
			<control type="label" id="250">
				<posx>10</posx>
				<posy>-30</posy>
				<width>380</width>
				<height>40</height>
				<font>ForumBrowser-font13</font>
				<textcolor>FFFFFFFF</textcolor>
				<align>center</align>
				<aligny>center</aligny>
				<label>[B]$ADDON[script.forum.browser 32928][/B]</label>
			</control>
			
			<control type="group" id="102">
				<posx>0</posx>
				<posy>455</posy>
				<control type="image">
					<posx>199</posx>
					<posy>0</posy>
					<width>2</width>
					<height>40</height>
					<texture>forum-browser-video-white.png</texture>
					<visible>ControlGroup(102).HasFocus(0)</visible>
				</control>
				<control type="button" id="100">
					<textoffsetx>0</textoffsetx>
					<description>OK</description>
					<onleft>101</onleft>
					<onright>101</onright>
					<onup>320</onup>
					<ondown>320</ondown>
					<posx>0</posx>
					<posy>0</posy>
					<width>199</width>
					<height>40</height>
					<visible>true</visible>
					<colordiffuse>FFFFFFFF</colordiffuse>
					<font>ForumBrowser-font13</font>
					<align>center</align>
					<label>$ADDON[script.forum.browser 32938]</label>
					<texturefocus border="10">forum-browser-video-select.png</texturefocus>
					<texturenofocus border="10">forum-browser-video-unselect-gray.png</texturenofocus>
					<textcolor>FFFFFFFF</textcolor>
					<disabledcolor>60000000</disabledcolor>
					<focusedcolor>FFFFFFFF</focusedcolor>
				</control>
				<control type="button" id="101">
					<textoffsetx>0</textoffsetx>
					<description>Cancel</description>
					<onleft>100</onleft>
					<onright>100</onright>
					<onup>320</onup>
					<ondown>320</ondown>
					<posx>201</posx>
					<posy>0</posy>
					<width>199</width>
					<height>40</height>
					<visible>true</visible>
					<colordiffuse>FFFFFFFF</colordiffuse>
					<font>ForumBrowser-font13</font>
					<align>center</align>
					<label>$ADDON[script.forum.browser 32939]</label>
					<texturefocus border="10">forum-browser-video-select.png</texturefocus>
					<texturenofocus border="10">forum-browser-video-unselect-gray.png</texturenofocus>
					<textcolor>FFFFFFFF</textcolor>
					<disabledcolor>60000000</disabledcolor>
					<focusedcolor>FFFFFFFF</focusedcolor>
				</control>
			</control>
			<!-- ** Required ** Do not change <id> or <type> -->
			<control type="list" id="320">
				<posx>0</posx>
				<posy>20</posy>
				<width>400</width>
				<height>430</height>
				<onleft>101</onleft>
				<onright>100</onright>
				<onup>100</onup>
				<ondown>100</ondown>
				<viewtype label="535">list</viewtype>
				<pagecontrol>121</pagecontrol>
				<scrolltime>200</scrolltime>
				<itemlayout height="38">
					<control type="group">
						<visible>StringCompare(ListItem.Property(value_type),text)</visible>						
						<control type="label">
							<posx>10</posx>
							<posy>0</posy>
							<width>170</width>
							<height>38</height>
							<font>ForumBrowser-font13</font>
							<aligny>center</aligny>
							<textcolor>FFFFFFFF</textcolor>
							<align>left</align>
							<label>[B]$INFO[ListItem.Label][/B]</label>
						</control>
						<control type="label">
							<posx>386</posx>
							<posy>0</posy>
							<width>196</width>
							<height>38</height>
							<font>ForumBrowser-font13</font>
							<aligny>center</aligny>
							<textcolor>FFFFFFFF</textcolor>
							<align>right</align>
							<label>$INFO[ListItem.Label2]</label>
						</control>	
					</control>
					<control type="group">
						<visible>StringCompare(ListItem.Property(value_type),boolean)</visible>						
						<control type="label">
							<posx>10</posx>
							<posy>0</posy>
							<width>350</width>
							<height>38</height>
							<font>ForumBrowser-font13</font>
							<aligny>center</aligny>
							<textcolor>FFFFFFFF</textcolor>
							<align>left</align>
							<label>[B]$INFO[ListItem.Label][/B]</label>
						</control>
						<control type="image">
							<posx>370</posx>
							<posy>11</posy>
							<width>16</width>
							<height>16</height>
							<texture>forum-browser-video-logged-in.png</texture>
							<colordiffuse>FFAAAAAA</colordiffuse>
							<visible>StringCompare(ListItem.Label2,booleanFalse)</visible>
						</control>
						<control type="image">
							<posx>370</posx>
							<posy>11</posy>
							<width>16</width>
							<height>16</height>
							<texture>forum-browser-video-logged-in.png</texture>
							<colordiffuse>FF00FF00</colordiffuse>
							<visible>StringCompare(ListItem.Label2,booleanTrue)</visible>
						</control>
					</control>
					<control type="group">
						<visible>StringCompare(ListItem.Property(value_type),webimage)</visible>						
						<control type="label">
							<posx>10</posx>
							<posy>0</posy>
							<width>170</width>
							<height>38</height>
							<font>ForumBrowser-font13</font>
							<aligny>center</aligny>
							<textcolor>FFFFFFFF</textcolor>
							<align>left</align>
							<label>[B]$INFO[ListItem.Label][/B]</label>
						</control>
						<control type="image">
							<posx>190</posx>
							<posy>1</posy>
							<width>196</width>
							<height>36</height>
							<aspectratio>stretch</aspectratio>
							<texture>$INFO[ListItem.Property(header_color)]</texture>
						</control>
						<control type="image">
							<posx>190</posx>
							<posy>1</posy>
							<width>196</width>
							<height>36</height>
							<aspectratio align="right">keep</aspectratio>
							<texture>$INFO[ListItem.Property(value)]</texture>
						</control>	
					</control>
					<control type="group">
						<visible>StringCompare(ListItem.Property(value_type),color)</visible>						
						<control type="label">
							<posx>10</posx>
							<posy>0</posy>
							<width>196</width>
							<height>38</height>
							<font>ForumBrowser-font13</font>
							<aligny>center</aligny>
							<textcolor>FFFFFFFF</textcolor>
							<align>left</align>
							<label>[B]$INFO[ListItem.Label][/B]</label>
						</control>
						<control type="image">
							<posx>190</posx>
							<posy>1</posy>
							<width>196</width>
							<height>36</height>
							<aspectratio>stretch</aspectratio>
							<texture>$INFO[ListItem.Label2]</texture>
						</control>	
					</control>
					<control type="group">
						<visible>StringCompare(ListItem.Property(value_type),function)</visible>						
						<control type="label">
							<posx>10</posx>
							<posy>0</posy>
							<width>320</width>
							<height>38</height>
							<font>ForumBrowser-font13</font>
							<aligny>center</aligny>
							<textcolor>FFFFFFFF</textcolor>
							<align>left</align>
							<label>[B]$INFO[ListItem.Label][/B]</label>
						</control>	
					</control>
					
					<control type="image">
						<posx>2</posx>
						<posy>37</posy>
						<width>396</width>
						<height>2</height>
						<texture>forum-browser-video-white.png</texture>
						<colordiffuse>FF666666</colordiffuse>
						<visible>StringCompare(ListItem.Property(separator),separator)</visible>
					</control>
				</itemlayout>
				<focusedlayout height="38">
								
					<control type="group">
						<visible>Control.HasFocus(320)</visible>
						<control type="image">
							<posx>0</posx>
							<posy>0</posy>
							<width>400</width>
							<height>38</height>
							<texture border="10">forum-browser-video-select.png</texture>
						</control>
						<control type="group">
							<visible>StringCompare(ListItem.Property(value_type),text)</visible>
							<control type="label">
								<posx>10</posx>
								<posy>0</posy>
								<width>170</width>
								<height>38</height>
								<font>ForumBrowser-font13</font>
								<aligny>center</aligny>
								<textcolor>FFFFFFFF</textcolor>
								<align>left</align>
								<label>[B]$INFO[ListItem.Label][/B]</label>
							</control>
							<control type="label">
								<posx>386</posx>
								<posy>0</posy>
								<width>196</width>
								<height>38</height>
								<font>ForumBrowser-font13</font>
								<aligny>center</aligny>
								<textcolor>FFFFFFFF</textcolor>
								<align>right</align>
								<label>$INFO[ListItem.Label2]</label>
							</control>
						</control>
						<control type="group">
							<visible>StringCompare(ListItem.Property(value_type),boolean)</visible>						
							<control type="label">
								<posx>10</posx>
								<posy>0</posy>
								<width>350</width>
								<height>38</height>
								<font>ForumBrowser-font13</font>
								<aligny>center</aligny>
								<textcolor>FFFFFFFF</textcolor>
								<align>left</align>
								<label>[B]$INFO[ListItem.Label][/B]</label>
							</control>
							<control type="image">
								<posx>370</posx>
								<posy>11</posy>
								<width>16</width>
								<height>16</height>
								<texture>forum-browser-video-logged-in.png</texture>
								<colordiffuse>FFAAAAAA</colordiffuse>
								<visible>StringCompare(ListItem.Label2,booleanFalse)</visible>
							</control>
							<control type="image">
								<posx>370</posx>
								<posy>11</posy>
								<width>16</width>
								<height>16</height>
								<texture>forum-browser-video-logged-in.png</texture>
								<colordiffuse>FF00FF00</colordiffuse>
								<visible>StringCompare(ListItem.Label2,booleanTrue)</visible>
							</control>
						</control>
						<control type="group">
							<visible>StringCompare(ListItem.Property(value_type),webimage)</visible>						
							<control type="label">
								<posx>10</posx>
								<posy>0</posy>
								<width>170</width>
								<height>38</height>
								<font>ForumBrowser-font13</font>
								<aligny>center</aligny>
								<textcolor>FFFFFFFF</textcolor>
								<align>left</align>
								<label>[B]$INFO[ListItem.Label][/B]</label>
							</control>
							<control type="image">
								<posx>190</posx>
								<posy>1</posy>
								<width>196</width>
								<height>36</height>
								<aspectratio>stretch</aspectratio>
								<texture>$INFO[ListItem.Property(header_color)]</texture>
							</control>
							<control type="image">
								<posx>190</posx>
								<posy>1</posy>
								<width>196</width>
								<height>36</height>
								<aspectratio align="right">keep</aspectratio>
								<texture>$INFO[ListItem.Property(value)]</texture>
							</control>	
						</control>
						<control type="group">
							<visible>StringCompare(ListItem.Property(value_type),color)</visible>						
							<control type="label">
								<posx>10</posx>
								<posy>0</posy>
								<width>170</width>
								<height>38</height>
								<font>ForumBrowser-font13</font>
								<aligny>center</aligny>
								<textcolor>FFFFFFFF</textcolor>
								<align>left</align>
								<label>[B]$INFO[ListItem.Label][/B]</label>
							</control>
							<control type="image">
								<posx>190</posx>
								<posy>1</posy>
								<width>196</width>
								<height>36</height>
								<aspectratio>stretch</aspectratio>
								<texture>$INFO[ListItem.Label2]</texture>
							</control>	
						</control>
						<control type="group">
							<visible>StringCompare(ListItem.Property(value_type),function)</visible>						
							<control type="label">
								<posx>10</posx>
								<posy>0</posy>
								<width>320</width>
								<height>38</height>
								<font>ForumBrowser-font13</font>
								<aligny>center</aligny>
								<textcolor>FFFFFFFF</textcolor>
								<align>left</align>
								<label>[B]$INFO[ListItem.Label][/B]</label>
							</control>	
						</control>
						<control type="image">
							<posx>0</posx>
							<posy>0</posy>
							<width>400</width>
							<height>38</height>
							<texture border="10">forum-browser-video-select-outline.png</texture>
						</control>
					</control>
					
					<control type="group">
						<visible>!Control.HasFocus(320)</visible>
						<control type="image">
							<posx>0</posx>
							<posy>0</posy>
							<width>400</width>
							<height>38</height>
							<texture border="10">forum-browser-video-unselect-gray.png</texture>
						</control>
						<control type="group">
							<visible>StringCompare(ListItem.Property(value_type),text)</visible>
							<control type="label">
								<posx>10</posx>
								<posy>0</posy>
								<width>170</width>
								<height>38</height>
								<font>ForumBrowser-font13</font>
								<aligny>center</aligny>
								<textcolor>FFFFFFFF</textcolor>
								<align>left</align>
								<label>[B]$INFO[ListItem.Label][/B]</label>
							</control>
							<control type="label">
								<posx>386</posx>
								<posy>0</posy>
								<width>196</width>
								<height>38</height>
								<font>ForumBrowser-font13</font>
								<aligny>center</aligny>
								<textcolor>FFFFFFFF</textcolor>
								<align>right</align>
								<label>$INFO[ListItem.Label2]</label>
							</control>
						</control>
						<control type="group">
							<visible>StringCompare(ListItem.Property(value_type),boolean)</visible>						
							<control type="label">
								<posx>10</posx>
								<posy>0</posy>
								<width>350</width>
								<height>38</height>
								<font>ForumBrowser-font13</font>
								<aligny>center</aligny>
								<textcolor>FFFFFFFF</textcolor>
								<align>left</align>
								<label>[B]$INFO[ListItem.Label][/B]</label>
							</control>
							<control type="image">
								<posx>370</posx>
								<posy>11</posy>
								<width>16</width>
								<height>16</height>
								<texture>forum-browser-video-logged-in.png</texture>
								<colordiffuse>FFAAAAAA</colordiffuse>
								<visible>StringCompare(ListItem.Label2,booleanFalse)</visible>
							</control>
							<control type="image">
								<posx>370</posx>
								<posy>11</posy>
								<width>16</width>
								<height>16</height>
								<texture>forum-browser-video-logged-in.png</texture>
								<colordiffuse>FF00FF00</colordiffuse>
								<visible>StringCompare(ListItem.Label2,booleanTrue)</visible>
							</control>
						</control>
						<control type="group">
							<visible>StringCompare(ListItem.Property(value_type),webimage)</visible>						
							<control type="label">
								<posx>10</posx>
								<posy>0</posy>
								<width>170</width>
								<height>38</height>
								<font>ForumBrowser-font13</font>
								<aligny>center</aligny>
								<textcolor>FFFFFFFF</textcolor>
								<align>left</align>
								<label>[B]$INFO[ListItem.Label][/B]</label>
							</control>
							<control type="image">
								<posx>190</posx>
								<posy>1</posy>
								<width>196</width>
								<height>36</height>
								<aspectratio>stretch</aspectratio>
								<texture>$INFO[ListItem.Property(header_color)]</texture>
							</control>
							<control type="image">
								<posx>190</posx>
								<posy>1</posy>
								<width>196</width>
								<height>36</height>
								<aspectratio align="right">keep</aspectratio>
								<texture>$INFO[ListItem.Property(value)]</texture>
							</control>	
						</control>
						<control type="group">
							<visible>StringCompare(ListItem.Property(value_type),color)</visible>						
							<control type="label">
								<posx>10</posx>
								<posy>0</posy>
								<width>170</width>
								<height>38</height>
								<font>ForumBrowser-font13</font>
								<aligny>center</aligny>
								<textcolor>FFFFFFFF</textcolor>
								<align>left</align>
								<label>[B]$INFO[ListItem.Label][/B]</label>
							</control>
							<control type="image">
								<posx>190</posx>
								<posy>1</posy>
								<width>150</width>
								<height>36</height>
								<aspectratio>stretch</aspectratio>
								<texture>$INFO[ListItem.Label2]</texture>
							</control>	
						</control>
						<control type="group">
							<visible>StringCompare(ListItem.Property(value_type),function)</visible>						
							<control type="label">
								<posx>10</posx>
								<posy>0</posy>
								<width>320</width>
								<height>38</height>
								<font>ForumBrowser-font13</font>
								<aligny>center</aligny>
								<textcolor>FFFFFFFF</textcolor>
								<align>left</align>
								<label>[B]$INFO[ListItem.Label][/B]</label>
							</control>	
						</control>
						<control type="image">
							<posx>2</posx>
							<posy>0</posy>
							<width>396</width>
							<height>38</height>
							<texture border="10">forum-browser-video-select-outline.png</texture>
							<colordiffuse>FF444444</colordiffuse>
						</control>
					</control>
				</focusedlayout>
			</control>
			<control type="group">
				<posx>400</posx>
				<posy>10</posy>
				<control type="scrollbar" id="121">
					<description>scroll bar indicator for lists</description>
					<posx>0</posx>
					<posy>0</posy>
					<width>4</width>
					<height>430</height>
					<onleft>320</onleft>
					<onright>320</onright>
					<texturesliderbackground border="10">-</texturesliderbackground>
					<texturesliderbar>forum-browser-video-white.png</texturesliderbar>
					<texturesliderbarfocus>forum-browser-video-white.png</texturesliderbarfocus>
					<textureslidernib>-</textureslidernib>
					<textureslidernibfocus>-</textureslidernibfocus>
					<orientation>vertical</orientation>
					<showonepage>false</showonepage>
					<visible>Control.IsVisible(320)</visible>
					<colordiffuse>FF224466</colordiffuse>
				</control>
			</control>
		</control>
	</controls>
</window>
