<?xml version="1.0" encoding="utf-8" standalone="yes"?>
<window>
	<defaultcontrol>104</defaultcontrol>
	<coordinates>
		<system>1</system>
		<posx>0</posx>
		<posy>0</posy>
	</coordinates>
	<controls>
		<control type="image">
			<posx>0</posx>
			<posy>0</posy>
			<width>1280</width>
			<height>720</height>
			<texture>forum-browser-video-black.png</texture>
		</control>	
	
		<control type="image">
			<description>Forums List Background</description>
			<posx>10</posx>
			<posy>10</posy>
			<width>290</width>
			<height>540</height>
			<texture border="10">forum-browser-video-box.png</texture>
			<visible>Control.IsVisible(115)</visible>
		</control>
		
		<control type="image">
			<description>Forums List Background</description>
			<posx>10</posx>
			<posy>10</posy>
			<width>1260</width>
			<height>540</height>
			<texture border="10">forum-browser-video-box.png</texture>
			<visible>!Control.IsVisible(115)</visible>
		</control>
		
		<control type="image">
			<description>Menu Indicator Background</description>
			<posx>10</posx>
			<posy>10</posy>
			<width>290</width>
			<height>30</height>
			<texture border="10">forum-browser-video-box-header.png</texture>
			<visible>Control.IsVisible(115)</visible>
		</control>
		<control type="image">
			<description>Menu Indicator Background</description>
			<posx>10</posx>
			<posy>10</posy>
			<width>1260</width>
			<height>30</height>
			<texture border="10">forum-browser-video-box-header.png</texture>
			<visible>!Control.IsVisible(115)</visible>
		</control>
		
		<control type="group">
			<visible>!Control.IsVisible(115)</visible>
			<posx>310</posx>
			<posy>14</posy>
			<width>950</width>
			<height>22</height>
			<control type="label">
				<description>Title</description>
				<posx>337r</posx>
				<posy>0</posy>
				<width>700</width>
				<height>22</height>
				<font>ForumBrowser-font12</font>
				<textcolor>FFFFFFFF</textcolor>
				<aligny>center</aligny>
				<align>right</align>
				<label>[B]$INFO[Window.Property(title)][/B]</label>
			</control>
			<control type="label">
				<posx>30</posx>
				<posy>0</posy>
				<width>700</width>
				<height>22</height>
				<font>ForumBrowser-font12</font>
				<textcolor>FFFFFFFF</textcolor>
				<aligny>center</aligny>
				<align>left</align>
				<label>[B]$INFO[Window.Property(posttype)][/B]</label>
			</control>
			<control type="label">
				<description>Time</description>
				<posx>35r</posx>
				<posy>0</posy>
				<width>100</width>
				<height>22</height>
				<font>ForumBrowser-font12</font>
				<textcolor>FF000000</textcolor>
				<aligny>center</aligny>
				<align>right</align>
				<label>[COLOR FF808080][B]$INFO[System.Time][/B][/COLOR]</label>
			</control>
			<control type="image">
				<description>Logged In Back</description>
				<posx>21r</posx>
				<posy>1</posy>
				<width>20</width>
				<height>20</height>
				<texture>forum-browser-video-logged-in-back.png</texture>
			</control>
			<control type="image">
				<description>Logged In</description>
				<posx>19r</posx>
				<posy>3</posy>
				<width>17</width>
				<height>17</height>
				<texture>forum-browser-video-logged-in.png</texture>
				<colordiffuse>FF555555</colordiffuse>
				<visible>StringCompare(Window.Property(loggedin),)</visible>
			</control>
			<control type="image">
				<description>Logged In</description>
				<posx>19r</posx>
				<posy>3</posy>
				<width>17</width>
				<height>17</height>
				<texture>forum-browser-video-logged-in.png</texture>
				<colordiffuse>FF00FF00</colordiffuse>
				<visible>!StringCompare(Window.Property(loggedin),)</visible>
			</control>
		</control>
		
		<control type="group">
			<animation effect="fade" time="300" delay="200">Visible</animation>
			<animation effect="fade" time="300">Hidden</animation>
			<animation effect="slide" end="-252,0" time="500" condition="!ControlGroup(196).HasFocus(0)">Conditional</animation>
			<visible>Control.HasFocus(120)</visible>
			<posx>270</posx>
			<posy>10</posy>
			<control type="image">
				<description>Left Arrow</description>
				<posx>0</posx>
				<posy>5</posy>
				<width>20</width>
				<height>20</height>
				<texture>forum-browser-video-left-arrow.png</texture>
				<colordiffuse>FF4488AA</colordiffuse>
			</control>
			<control type="label">
				<description>Menu Label</description>
				<posx>26</posx>
				<posy>0</posy>
				<width>266</width>
				<height>30</height>
				<font>ForumBrowser-font13</font>
				<textcolor>FF4488AA</textcolor>
				<aligny>center</aligny>
				<align>left</align>
				<label>[B]$ADDON[script.forum.browser 32527][/B]</label>
			</control>
		</control>
		
		<control type="group">
			<animation effect="fade" time="300" delay="200">Visible</animation>
			<animation effect="fade" time="300">Hidden</animation>
			<animation effect="slide" end="260,0" time="500" condition="ControlGroup(196).HasFocus(0)">Conditional</animation>
			<visible>ControlGroup(196).HasFocus(0)  + !Control.HasFocus(123)</visible>
			<posx>0</posx>
			<posy>10</posy>
			<control type="image">
				<description>Right Arrow</description>
				<posx>6</posx>
				<posy>5</posy>
				<width>20</width>
				<height>20</height>
				<texture flipx="true">forum-browser-video-left-arrow.png</texture>
				<colordiffuse>FF4488AA</colordiffuse>
			</control>
			<control type="label">
				<description>Menu Label</description>
				<posx>0</posx>
				<posy>0</posy>
				<width>266</width>
				<height>30</height>
				<font>ForumBrowser-font13</font>
				<textcolor>FF4488AA</textcolor>
				<aligny>center</aligny>
				<align>right</align>
				<label>[B]$ADDON[script.forum.browser 32528][/B]</label>
			</control>
		</control>
		
		<control type="group">
			<posx>-1</posx>
			<posy>40</posy>
			<control type="scrollbar" id="121">
				<description>scroll bar indicator for lists</description>
				<posx>0</posx>
				<posy>0</posy>
				<width>11</width>
				<height>505</height>
				<onleft>120</onleft>
				<onright>120</onright>
				<texturesliderbackground></texturesliderbackground>
				<texturesliderbar>forum-browser-video-white.png</texturesliderbar>
				<texturesliderbarfocus>forum-browser-video-white.png</texturesliderbarfocus>
				<textureslidernib></textureslidernib>
				<textureslidernibfocus></textureslidernibfocus>
				<orientation>vertical</orientation>
				<showonepage>false</showonepage>
				<visible>Control.IsVisible(120)</visible>
				<colordiffuse>FF224466</colordiffuse>
			</control>
		</control>
		
		<control type="list" id="120">
			<posx>10</posx>
			<posy>40</posy>
			<width>1260</width>
			<height>508</height>
			<onleft>196</onleft>
			<onright>196</onright>
			<onup>120</onup>
			<ondown>123</ondown>
			<viewtype label="535">list</viewtype>
			<pagecontrol>121</pagecontrol>
			<scrolltime>200</scrolltime>
			<itemlayout height="38">
				<control type="label">
					<posx>10</posx>
					<posy>8</posy>
					<width>270</width>
					<height>38</height>
					<font>ForumBrowser-font13</font>
					<aligny>center</aligny>
					<textcolor>FFFFFFFF</textcolor>
					<align>left</align>
					<label>[B]$INFO[ListItem.Label][/B]</label>
					<visible>Control.IsVisible(115)</visible>
				</control>
				<control type="label">
					<posx>10</posx>
					<posy>8</posy>
					<width>1240</width>
					<height>38</height>
					<font>ForumBrowser-font13</font>
					<aligny>center</aligny>
					<textcolor>FFFFFFFF</textcolor>
					<align>left</align>
					<label>[B]$INFO[ListItem.Label][/B]</label>
					<visible>!Control.IsVisible(115)</visible>
				</control>
			</itemlayout>
			<focusedlayout height="38">
				<control type="group">
					<visible>!ControlGroup(196).HasFocus(0) + Control.IsVisible(115)</visible>
					<control type="image">
						<posx>2</posx>
						<posy>-4</posy>
						<width>286</width>
						<height>62</height>
						<texture>forum-browser-video-select-back.png</texture>
						<colordiffuse>FF4488AA</colordiffuse>
					</control>
					<control type="image">
						<posx>0</posx>
						<posy>8</posy>
						<width>290</width>
						<height>38</height>
						<texture border="10">forum-browser-video-select.png</texture>
					</control>
				</control>
				<control type="group">
					<visible>!ControlGroup(196).HasFocus(0) + !Control.IsVisible(115)</visible>
					<control type="image">
						<posx>2</posx>
						<posy>-4</posy>
						<width>1256</width>
						<height>62</height>
						<texture>forum-browser-video-select-back.png</texture>
						<colordiffuse>FF4488AA</colordiffuse>
					</control>
					<control type="image">
						<posx>0</posx>
						<posy>8</posy>
						<width>1260</width>
						<height>38</height>
						<texture border="10">forum-browser-video-select.png</texture>
					</control>
				</control>
				<control type="image">
					<posx>2</posx>
					<posy>8</posy>
					<width>286</width>
					<height>38</height>
					<texture border="10">forum-browser-video-select.png</texture>
					<colordiffuse>FF444444</colordiffuse>
					<visible>ControlGroup(196).HasFocus(0) + Control.IsVisible(115)</visible>
				</control>
				<control type="image">
					<posx>2</posx>
					<posy>8</posy>
					<width>1256</width>
					<height>38</height>
					<texture border="10">forum-browser-video-select.png</texture>
					<colordiffuse>FF444444</colordiffuse>
					<visible>ControlGroup(196).HasFocus(0) + !Control.IsVisible(115)</visible>
				</control>
				<control type="label">
					<posx>10</posx>
					<posy>8</posy>
					<width>270</width>
					<height>38</height>
					<font>ForumBrowser-font13</font>
					<aligny>center</aligny>
					<textcolor>FFFFFFFF</textcolor>
					<align>left</align>
					<label>[B]$INFO[ListItem.Label][/B]</label>
					<visible>Control.IsVisible(115)</visible>
				</control>
				<control type="label">
					<posx>10</posx>
					<posy>8</posy>
					<width>1240</width>
					<height>38</height>
					<font>ForumBrowser-font13</font>
					<aligny>center</aligny>
					<textcolor>FFFFFFFF</textcolor>
					<align>left</align>
					<label>[B]$INFO[ListItem.Label][/B]</label>
					<visible>!Control.IsVisible(115)</visible>
				</control>
			</focusedlayout>
		</control>

		<control type="group" id="196">
			<animation effect="slide" end="290,0" time="200" delay="200" condition="ControlGroup(196).HasFocus(0) + !Control.HasFocus(123)">Conditional</animation>
			<defaultcontrol>197</defaultcontrol>
			<description>The Buttons</description>
			<posx>-300</posx>
			<posy>50</posy>
			<width>300</width>
			<height>500</height>

			<control type="image">
				<description>Buttons Background</description>
				<posx>0</posx>
				<posy>0</posy>
				<width>300</width>
				<height>490</height>
				<texture border="10">forum-browser-video-box-light.png</texture>
			</control>

			<control type="group" id="197">
				<defaultcontrol>105</defaultcontrol>
				<visible allowhiddenfocus="true">ControlGroup(197).HasFocus(0)</visible>
				<posx>0</posx>
				<posy>0</posy>
				<width>300</width>
				<height>490</height>
			
				<control type="button" id="104">
					
					<description>Prev</description>
					<onright>120</onright>
					<onup>202</onup>
					<ondown>200</ondown>
					<posx>300r</posx>
					<posy>10</posy>
					<width>300</width>
					<height>38</height>
					<visible>true</visible>
					<colordiffuse>FFFFFFFF</colordiffuse>
					<font>ForumBrowser-font13</font>
					<align>right</align>
					<textoffsetx>40</textoffsetx>
					<label>$ADDON[script.forum.browser 32921]</label>
					<texturefocus>forum-browser-video-select-indicator.png</texturefocus>
					<texturenofocus>forum-browser-video-unselect.png</texturenofocus>
					<textcolor>FFFFFFFF</textcolor>
					<disabledcolor>FF555555</disabledcolor>
					<focusedcolor>FFFFFFFF</focusedcolor>
				</control>

				<control type="button" id="200">
					
					<description>Page</description>
					<onright>120</onright>
					<onup>104</onup>
					<ondown>201</ondown>
					<posx>300r</posx>
					<posy>48</posy>
					<width>300</width>
					<height>38</height>
					<visible>true</visible>
					<colordiffuse>FFFFFFFF</colordiffuse>
					<font>ForumBrowser-font13</font>
					<align>right</align>
					<textoffsetx>40</textoffsetx>
					<label>$ADDON[script.forum.browser 32906]</label>
					<texturefocus>forum-browser-video-select-indicator.png</texturefocus>
					<texturenofocus>forum-browser-video-unselect.png</texturenofocus>
					<textcolor>FFFFFFFF</textcolor>
					<disabledcolor>FF555555</disabledcolor>
					<focusedcolor>FFFFFFFF</focusedcolor>
				</control>

				<control type="button" id="201">
					
					<description>Next</description>
					<onright>120</onright>
					<onup>200</onup>
					<ondown>202</ondown>
					<posx>300r</posx>
					<posy>86</posy>
					<width>300</width>
					<height>38</height>
					<visible>true</visible>
					<colordiffuse>FFFFFFFF</colordiffuse>
					<font>ForumBrowser-font13</font>
					<align>right</align>
					<textoffsetx>40</textoffsetx>
					<label>$ADDON[script.forum.browser 32907]</label>
					<texturefocus>forum-browser-video-select-indicator.png</texturefocus>
					<texturenofocus>forum-browser-video-unselect.png</texturenofocus>
					<textcolor>FFFFFFFF</textcolor>
					<disabledcolor>FF555555</disabledcolor>
					<focusedcolor>FFFFFFFF</focusedcolor>
				</control>
				
				<control type="button" id="202">
					
					<description>Next</description>
					<onright>120</onright>
					<onup>201</onup>
					<ondown>104</ondown>
					<posx>300r</posx>
					<posy>124</posy>
					<width>300</width>
					<height>38</height>
					<visible>true</visible>
					<colordiffuse>FFFFFFFF</colordiffuse>
					<font>ForumBrowser-font13</font>
					<align>right</align>
					<textoffsetx>40</textoffsetx>
					<label>$INFO[Window.Property(submit_button)]</label>
					<texturefocus>forum-browser-video-select-indicator.png</texturefocus>
					<texturenofocus>forum-browser-video-unselect.png</texturenofocus>
					<textcolor>FFFFFFFF</textcolor>
					<disabledcolor>FF555555</disabledcolor>
					<focusedcolor>FFFFFFFF</focusedcolor>
				</control>
			</control>
		</control>
		
		<control type="group">
			<posx>10</posx>
			<posy>560</posy>
			<width>1260</width>
			<height>150</height>
			<control type="image">
				<description>Info Area Background</description>
				<posx>0</posx>
				<posy>0</posy>
				<width>1260</width>
				<height>150</height>
				<texture border="10">forum-browser-video-box.png</texture>
			</control>
			<control type="textbox" id="122">
				<posx>10</posx>
				<posy>2</posy>
				<width>1240</width>
				<height>146</height>
				<pagecontrol>123</pagecontrol>
				<description>My first text box control</description>
				<visible>true</visible>
				<font>ForumBrowser-font12</font>
				<textcolor>FFFFFFFF</textcolor>
			</control>
		</control>
		
		<control type="scrollbar" id="123">
			<description>scroll bar indicator for lists</description>
			<posx>0</posx>
			<posy>565</posy>
			<width>10</width>
			<height>140</height>
			<onleft>120</onleft>
			<onright>120</onright>
			<onup>120</onup>
			<texturesliderbackground></texturesliderbackground>
			<texturesliderbar></texturesliderbar>
			<texturesliderbarfocus>forum-browser-video-white.png</texturesliderbarfocus>
			<textureslidernib></textureslidernib>
			<textureslidernibfocus></textureslidernibfocus>
			<orientation>vertical</orientation>
			<showonepage>false</showonepage>
			<visible>Control.IsVisible(122)</visible>
			<colordiffuse>FF224466</colordiffuse>
		</control>
			
		<control type="group" id="115">
			<visible>Player.Playing + Player.HasVideo + !StringCompare(Window(10000).Property(ForumBrowser_hidePNP),1)</visible>
			<posx>310</posx>
			<posy>10</posy>
			<control type="image">
				<description>Info Area Background</description>
				<posx>-10</posx>
				<posy>-10</posy>
				<width>980</width>
				<height>560</height>
				<texture>forum-browser-video-black.png</texture>
			</control>
			<control type="videowindow">
				<description>PIP</description>
				<posx>0</posx>
				<posy>0</posy>
				<width>960</width>
				<height>540</height>
			</control>
		</control>
	</controls>
</window>
