<window>
    <!--  Forum Browser Replacement Keyboard (Transparency) -->
	<defaultcontrol always="true">300</defaultcontrol>
	<include>dialogeffect7</include>
	<coordinates>
		<posx>0</posx>
		<posy>175</posy>
		<origin x="0" y="265">StringCompare(Window(10000).Property(ForumBrowser_modKeyboard),1)</origin>
	</coordinates>
	<controls>
		<control type="group">
			<include>VisibleFadeEffect</include>
			<visible>!Window.IsVisible(NumericInput)</visible>
			<!--  <include condition="Skin.HasSetting(HateTransparency)">T-KeyboardInput1</include> -->
			<!--  <include name="T-KeyboardInput1"> -->
			<control type="image">
				<posx>337</posx>
				<posy>30</posy>
				<width>624</width>
				<height>60</height>
				<texture border="0,45,0,0">keyboard-input.png</texture>
				<animation effect="zoom" start="337,90,624,1" end="337,-170,624,60" time="300" delay="300">WindowOpen</animation>
				<animation effect="zoom" start="337,30,624,60" end="337,90,624,1" time="200" delay="150">WindowClose</animation>
				<include>T-Level</include>
				<visible>Skin.HasSetting(HateTransparency) + !StringCompare(Window(10000).Property(ForumBrowser_modKeyboard),1)</visible>
			</control>
			<control type="image">
				<posx>337</posx>
				<posy>-170</posy>
				<width>624</width>
				<height>260</height>
				<texture border="0,45,0,0">keyboard-input.png</texture>
				<animation effect="zoom" start="337,90,624,1" end="337,-170,624,260" time="300" delay="300">WindowOpen</animation>
				<animation effect="zoom" start="337,-170,624,260" end="337,90,624,1" time="200" delay="150">WindowClose</animation>
				<include>T-Level</include>
				<visible>Skin.HasSetting(HateTransparency) + StringCompare(Window(10000).Property(ForumBrowser_modKeyboard),1)</visible>
			</control>
			<control type="image">
				<posx>337</posx>
				<posy>30</posy>
				<width>624</width>
				<height>60</height>
				<texture border="0,45,0,0">keyboard-input.png</texture>
				<animation effect="zoom" start="337,90,624,1" end="337,-170,624,60" time="300" delay="300">WindowOpen</animation>
				<animation effect="zoom" start="337,30,624,60" end="337,90,624,1" time="200" delay="150">WindowClose</animation>
				<visible>!StringCompare(Window(10000).Property(ForumBrowser_modKeyboard),1)</visible>
			</control>
			<control type="image">
				<posx>337</posx>
				<posy>-170</posy>
				<width>624</width>
				<height>260</height>
				<texture border="0,45,0,0">keyboard-input.png</texture>
				<animation effect="zoom" start="337,90,624,1" end="337,-170,624,260" time="300" delay="300">WindowOpen</animation>
				<animation effect="zoom" start="337,-170,624,260" end="337,90,624,1" time="200" delay="150">WindowClose</animation>
				<visible>StringCompare(Window(10000).Property(ForumBrowser_modKeyboard),1)</visible>
			</control>
			<control type="button">
				<posx>902</posx>
				<posy>44</posy>
				<width>20</width>
				<height>20</height>
				<texturefocus>close-window-focus.png</texturefocus>
				<texturenofocus>close-window-nofocus.png</texturenofocus>
				<onclick>Dialog.Close(virtualkeyboard)</onclick>
				<visible>Skin.HasSetting(TouchScreenMode)</visible>
				<animation effect="fade" start="0" end="100" time="200" delay="500">WindowOpen</animation>
				<animation effect="fade" start="100" end="0" time="200">WindowClose</animation>
			</control>
			<control type="label" id="311">
				<description>dialog Heading</description>
				<posx>342</posx>
				<posy>34</posy>
				<width>600</width>
				<height>30</height>
				<font>font-23</font>
				<textcolor>blue</textcolor>
				<align>center</align>
				<aligny>center</aligny>
				<animation effect="fade" start="0" end="100" time="200" delay="500">WindowOpen</animation>
				<animation effect="fade" start="100" end="0" time="200">WindowClose</animation>
				<animation effect="slide" end="0,-200" time="0" condition="StringCompare(Window(10000).Property(ForumBrowser_modKeyboard),1)">Conditional</animation>
			</control>
			<control type="label" id="310">
				<description>Edit Text</description>
				<posx>352</posx>
				<posy>60</posy>
				<width>580</width>
				<height>210</height>
				<font>font-23</font>
				<align>left</align>
				<aligny>top</aligny>
				<wrapmultiline>true</wrapmultiline>
				<animation effect="fade" start="0" end="100" time="200" delay="500">WindowOpen</animation>
				<animation effect="fade" start="100" end="0" time="200">WindowClose</animation>
				<animation effect="slide" end="0,-200" time="0" delay="0" condition="StringCompare(Window(10000).Property(ForumBrowser_modKeyboard),1)">Conditional</animation>
			</control>
			<control type="image">
				<posx>295</posx>
				<posy>70</posy>
				<width>690</width>
				<height>318</height>
				<texture border="50">keyboard.png</texture>
				<visible>!Control.IsVisible(200)</visible>
			</control>
			<control type="image">
				<posx>185</posx>
				<posy>70</posy>
				<width>800</width>
				<height>318</height>
				<texture border="50">keyboard.png</texture>
				<visible>Control.IsVisible(200)</visible>
			</control>
			<control type="group">
				<posx>130</posx>
				<posy>105</posy>
				
				<control type="group" id="200">
					<visible>StringCompare(Window(10000).Property(ForumBrowser_modKeyboard),1) + !StringCompare(Window(10000).Property(FB_smiley_0),)</visible>
					<defaultcontrol>299</defaultcontrol>
					<posx>70</posx>
					<posy>-20</posy>
					<onright>300</onright>
					<control type="button" id="299">
						<description>smile</description>
						<posx>20</posx>
						<posy>20</posy>
						<width>50</width>
						<height>50</height>
						<label>$INFO[Window(10000).Property(FB_smiley_0)]</label>
						<onright>298</onright>
						<onleft>8</onleft>
						<ondown>297</ondown>
						<onup>291</onup>
						<texturenofocus border="10">key-digit-nofocus.png</texturenofocus>
						<texturefocus border="10">key-focus.png</texturefocus>
						<align>center</align>
						<aligny>center</aligny>
						<font>ForumBrowser-font30</font>
						<textcolor>yellow</textcolor>
						<focusedcolor>yellow</focusedcolor>
						<onclick>SendClick(,304)</onclick>
						<onclick>SendClick(,90)</onclick>
						<onclick>SendClick(,8)</onclick>
						<onclick>SendClick(,304)</onclick>
						<onclick>SendClick(,74)</onclick>
						<onclick>SendClick(,304)</onclick>
						<onclick>SendClick(,48)</onclick>
					</control>
					<control type="button" id="298">
						<description>frown</description>
						<posx>70</posx>
						<posy>20</posy>
						<width>50</width>
						<height>50</height>
						<label>$INFO[Window(10000).Property(FB_smiley_1)]</label>
						<onright>49</onright>
						<onleft>299</onleft>
						<onup>290</onup>
						<ondown>296</ondown>
						<texturenofocus border="10">key-digit-nofocus.png</texturenofocus>
						<texturefocus border="10">key-focus.png</texturefocus>
						<align>center</align>
						<aligny>center</aligny>
						<font>ForumBrowser-font30</font>
						<textcolor>yellow</textcolor>
						<focusedcolor>yellow</focusedcolor>
						<onclick>SendClick(,304)</onclick>
						<onclick>SendClick(,90)</onclick>
						<onclick>SendClick(,8)</onclick>
						<onclick>SendClick(,304)</onclick>
						<onclick>SendClick(,74)</onclick>
						<onclick>SendClick(,304)</onclick>
						<onclick>SendClick(,57)</onclick>
					</control>
					
					<control type="button" id="297">
						<description>smile</description>
						<posx>20</posx>
						<posy>70</posy>
						<width>50</width>
						<height>50</height>
						<label>$INFO[Window(10000).Property(FB_smiley_2)]</label>
						<onright>296</onright>
						<onleft>300</onleft>
						<onup>299</onup>
						<ondown>295</ondown>
						<texturenofocus border="10">key-digit-nofocus.png</texturenofocus>
						<texturefocus border="10">key-focus.png</texturefocus>
						<align>center</align>
						<aligny>center</aligny>
						<font>ForumBrowser-font30</font>
						<textcolor>yellow</textcolor>
						<focusedcolor>yellow</focusedcolor>
						<onclick>SendClick(,304)</onclick>
						<onclick>SendClick(,90)</onclick>
						<onclick>SendClick(,8)</onclick>
						<onclick>SendClick(,304)</onclick>
						<onclick>SendClick(,73)</onclick>
						<onclick>SendClick(,304)</onclick>
						<onclick>SendClick(,48)</onclick>
					</control>
					<control type="button" id="296">
						<description>frown</description>
						<posx>70</posx>
						<posy>70</posy>
						<width>50</width>
						<height>50</height>
						<label>$INFO[Window(10000).Property(FB_smiley_3)]</label>
						<onright>81</onright>
						<onleft>297</onleft>
						<onup>298</onup>
						<ondown>294</ondown>
						<texturenofocus border="10">key-digit-nofocus.png</texturenofocus>
						<texturefocus border="10">key-focus.png</texturefocus>
						<align>center</align>
						<aligny>center</aligny>
						<font>ForumBrowser-font30</font>
						<textcolor>yellow</textcolor>
						<focusedcolor>yellow</focusedcolor>
						<onclick>SendClick(,304)</onclick>
						<onclick>SendClick(,90)</onclick>
						<onclick>SendClick(,8)</onclick>
						<onclick>SendClick(,304)</onclick>
						<onclick>SendClick(,74)</onclick>
						<onclick>SendClick(,302)</onclick>
						<onclick>SendClick(,68)</onclick>
					</control>
					
					<control type="button" id="295">
						<description>smile</description>
						<posx>20</posx>
						<posy>120</posy>
						<width>50</width>
						<height>50</height>
						<label>$INFO[Window(10000).Property(FB_smiley_4)]</label>
						<onright>294</onright>
						<onleft>303</onleft>
						<onup>297</onup>
						<ondown>293</ondown>
						<texturenofocus border="10">key-digit-nofocus.png</texturenofocus>
						<texturefocus border="10">key-focus.png</texturefocus>
						<align>center</align>
						<aligny>center</aligny>
						<font>ForumBrowser-font30</font>
						<textcolor>yellow</textcolor>
						<focusedcolor>yellow</focusedcolor>
						<onclick>SendClick(,304)</onclick>
						<onclick>SendClick(,90)</onclick>
						<onclick>SendClick(,8)</onclick>
						<onclick>SendClick(,304)</onclick>
						<onclick>SendClick(,74)</onclick>
						<onclick>SendClick(,302)</onclick>
						<onclick>SendClick(,80)</onclick>
					</control>
					<control type="button" id="294">
						<description>frown</description>
						<posx>70</posx>
						<posy>120</posy>
						<width>50</width>
						<height>50</height>
						<label>$INFO[Window(10000).Property(FB_smiley_5)]</label>
						<onright>65</onright>
						<onleft>295</onleft>
						<onup>296</onup>
						<ondown>292</ondown>
						<texturenofocus border="10">key-digit-nofocus.png</texturenofocus>
						<texturefocus border="10">key-focus.png</texturefocus>
						<align>center</align>
						<aligny>center</aligny>
						<font>ForumBrowser-font30</font>
						<textcolor>yellow</textcolor>
						<focusedcolor>yellow</focusedcolor>
						<onclick>SendClick(,304)</onclick>
						<onclick>SendClick(,90)</onclick>
						<onclick>SendClick(,8)</onclick>
						<onclick>SendClick(,304)</onclick>
						<onclick>SendClick(,74)</onclick>
						<onclick>SendClick(,79)</onclick>
					</control>
					
					<control type="button" id="293">
						<description>smile</description>
						<posx>20</posx>
						<posy>170</posy>
						<width>50</width>
						<height>50</height>
						<label>$INFO[Window(10000).Property(FB_smiley_6)]</label>
						<onright>292</onright>
						<onleft>302</onleft>
						<onup>295</onup>
						<ondown>291</ondown>
						<texturenofocus border="10">key-digit-nofocus.png</texturenofocus>
						<texturefocus border="10">key-focus.png</texturefocus>
						<align>center</align>
						<aligny>center</aligny>
						<font>ForumBrowser-font30</font>
						<textcolor>yellow</textcolor>
						<focusedcolor>yellow</focusedcolor>
						<onclick>SendClick(,304)</onclick>
						<onclick>SendClick(,90)</onclick>
						<onclick>SendClick(,8)</onclick>
						<onclick>SendClick(,304)</onclick>
						<onclick>SendClick(,74)</onclick>
						<onclick>SendClick(,304)</onclick>
						<onclick>SendClick(,81)</onclick>
					</control>
					<control type="button" id="292">
						<description>frown</description>
						<posx>70</posx>
						<posy>170</posy>
						<width>50</width>
						<height>50</height>
						<label>$INFO[Window(10000).Property(FB_smiley_7)]</label>
						<onright>90</onright>
						<onleft>293</onleft>
						<onup>294</onup>
						<ondown>290</ondown>
						<texturenofocus border="10">key-digit-nofocus.png</texturenofocus>
						<texturefocus border="10">key-focus.png</texturefocus>
						<align>center</align>
						<aligny>center</aligny>
						<font>ForumBrowser-font30</font>
						<textcolor>yellow</textcolor>
						<focusedcolor>yellow</focusedcolor>
						<onclick>SendClick(,304)</onclick>
						<onclick>SendClick(,90)</onclick>
						<onclick>SendClick(,8)</onclick>
						<onclick>SendClick(,56)</onclick>
						<onclick>SendClick(,304)</onclick>
						<onclick>SendClick(,69)</onclick>
						<onclick>SendClick(,304)</onclick>
						<onclick>SendClick(,48)</onclick>
					</control>
					
					<control type="group">
						<visible>StringCompare(Window(10000).Property(ForumBrowser_siteSmilies),1) + StringCompare(Window(10000).Property(ForumBrowser_modKeyboard),1)</visible>
						<control type="button" id="290">
							<description>More</description>
							<posx>20</posx>
							<posy>220</posy>
							<width>100</width>
							<height>48</height>
							<label>MORE</label>
							<onright>307</onright>
							<onleft>304</onleft>
							<onup>292</onup>
							<ondown>298</ondown>
							<texturenofocus border="10">key-digit-nofocus.png</texturenofocus>
							<texturefocus border="10">key-focus.png</texturefocus>
							<align>center</align>
							<aligny>center</aligny>
							<font>font-20</font>
							<textcolor>yellow</textcolor>
							<focusedcolor>yellow</focusedcolor>
							<onclick>RunScript(script.forum.browser,smilies)</onclick>
						</control>
						<control type="button" id="291">
							<visible>!Control.HasFocus(290)</visible>
							<description>More</description>
							<posx>20</posx>
							<posy>220</posy>
							<width>100</width>
							<height>48</height>
							<label>MORE</label>
							<onright>307</onright>
							<onleft>304</onleft>
							<onup>293</onup>
							<ondown>299</ondown>
							<texturenofocus border="10">key-digit-nofocus.png</texturenofocus>
							<texturefocus border="10">key-focus.png</texturefocus>
							<align>center</align>
							<aligny>center</aligny>
							<font>font-20</font>
							<textcolor>yellow</textcolor>
							<focusedcolor>yellow</focusedcolor>
							<onclick>RunScript(script.forum.browser,smilies)</onclick>
						</control>
					</control>
				</control>
				
				<control type="button" id="49">
					<description>'1' button</description>
					<posx>200</posx>
					<posy>0</posy>
					<width>48</width>
					<height>48</height>
					<onleft>298</onleft>
					<onright>50</onright>
					<onup>307</onup>
					<ondown>81</ondown>
					<texturenofocus border="10">key-digit-nofocus.png</texturenofocus>
					<texturefocus border="10">key-focus.png</texturefocus>
					<align>center</align>
					<aligny>center</aligny>
					<font>font-20</font>
				</control>
				<control type="button" id="50">
					<description>'2' button</description>
					<posx>250</posx>
					<posy>0</posy>
					<width>48</width>
					<height>48</height>
					<onleft>49</onleft>
					<onright>51</onright>
					<onup>307</onup>
					<ondown>87</ondown>
					<texturenofocus border="10">key-digit-nofocus.png</texturenofocus>
					<texturefocus border="10">key-focus.png</texturefocus>
					<align>center</align>
					<aligny>center</aligny>
					<font>font-20</font>
				</control>
				<control type="button" id="51">
					<description>'3' button</description>
					<posx>300</posx>
					<posy>0</posy>
					<width>48</width>
					<height>48</height>
					<onleft>50</onleft>
					<onright>52</onright>
					<onup>32</onup>
					<ondown>69</ondown>
					<texturenofocus border="10">key-digit-nofocus.png</texturenofocus>
					<texturefocus border="10">key-focus.png</texturefocus>
					<align>center</align>
					<aligny>center</aligny>
					<font>font-20</font>
				</control>
				<control type="button" id="52">
					<description>'4' button</description>
					<posx>350</posx>
					<posy>0</posy>
					<width>48</width>
					<height>48</height>
					<onleft>51</onleft>
					<onright>53</onright>
					<onup>32</onup>
					<ondown>82</ondown>
					<texturenofocus border="10">key-digit-nofocus.png</texturenofocus>
					<texturefocus border="10">key-focus.png</texturefocus>
					<align>center</align>
					<aligny>center</aligny>
					<font>font-20</font>
				</control>
				<control type="button" id="53">
					<description>'5' button</description>
					<posx>400</posx>
					<posy>0</posy>
					<width>48</width>
					<height>48</height>
					<onleft>52</onleft>
					<onright>54</onright>
					<onup>32</onup>
					<ondown>84</ondown>
					<texturenofocus border="10">key-digit-nofocus.png</texturenofocus>
					<texturefocus border="10">key-focus.png</texturefocus>
					<align>center</align>
					<aligny>center</aligny>
					<font>font-20</font>
				</control>
				<control type="button" id="54">
					<description>'6' button</description>
					<posx>450</posx>
					<posy>0</posy>
					<width>48</width>
					<height>48</height>
					<onleft>53</onleft>
					<onright>55</onright>
					<onup>32</onup>
					<ondown>89</ondown>
					<texturenofocus border="10">key-digit-nofocus.png</texturenofocus>
					<texturefocus border="10">key-focus.png</texturefocus>
					<align>center</align>
					<aligny>center</aligny>
					<font>font-20</font>
				</control>
				<control type="button" id="55">
					<description>'7' button</description>
					<posx>500</posx>
					<posy>0</posy>
					<width>48</width>
					<height>48</height>
					<onleft>54</onleft>
					<onright>56</onright>
					<onup>32</onup>
					<ondown>85</ondown>
					<texturenofocus border="10">key-digit-nofocus.png</texturenofocus>
					<texturefocus border="10">key-focus.png</texturefocus>
					<align>center</align>
					<aligny>center</aligny>
					<font>font-20</font>
				</control>
				<control type="button" id="56">
					<description>'8' button</description>
					<posx>550</posx>
					<posy>0</posy>
					<width>48</width>
					<height>48</height>
					<onleft>55</onleft>
					<onright>57</onright>
					<onup>32</onup>
					<ondown>73</ondown>
					<texturenofocus border="10">key-digit-nofocus.png</texturenofocus>
					<texturefocus border="10">key-focus.png</texturefocus>
					<align>center</align>
					<aligny>center</aligny>
					<font>font-20</font>
				</control>
				<control type="button" id="57">
					<description>'9' button</description>
					<posx>600</posx>
					<posy>0</posy>
					<width>48</width>
					<height>48</height>
					<onleft>56</onleft>
					<onright>48</onright>
					<onup>288</onup>
					<ondown>79</ondown>
					<texturenofocus border="10">key-digit-nofocus.png</texturenofocus>
					<texturefocus border="10">key-focus.png</texturefocus>
					<align>center</align>
					<aligny>center</aligny>
					<font>font-20</font>
				</control>
				<control type="button" id="48">
					<description>'0' button</description>
					<posx>650</posx>
					<posy>0</posy>
					<width>48</width>
					<height>48</height>
					<onleft>57</onleft>
					<onright>8</onright>
					<onup>306</onup>
					<ondown>80</ondown>
					<texturenofocus border="10">key-digit-nofocus.png</texturenofocus>
					<texturefocus border="10">key-focus.png</texturefocus>
					<align>center</align>
					<aligny>center</aligny>
					<font>font-20</font>
				</control>
				<control type="button" id="8">
					<description>'BACKSPACE' button</description>
					<posx>700</posx>
					<posy>0</posy>
					<width>118</width>
					<height>48</height>
					<label>20181</label>
					<onleft>48</onleft>
					<onright>299</onright>
					<onup>304</onup>
					<ondown>300</ondown>
					<texturenofocus border="10">key-special-nofocus.png</texturenofocus>
					<texturefocus border="10">key-focus.png</texturefocus>
					<align>center</align>
					<aligny>center</aligny>
					<font>font-20</font>
				</control>
				<control type="button" id="81">
					<description>'Q' button</description>
					<posx>210</posx>
					<posy>50</posy>
					<width>48</width>
					<height>48</height>
					<onleft>296</onleft>
					<onright>87</onright>
					<onup>49</onup>
					<ondown>65</ondown>
					<texturenofocus border="10">key-nofocus.png</texturenofocus>
					<texturefocus border="10">key-focus.png</texturefocus>
					<align>center</align>
					<aligny>center</aligny>
					<font>font-20</font>
				</control>
				<control type="button" id="87">
					<description>'W' button</description>
					<posx>260</posx>
					<posy>50</posy>
					<width>48</width>
					<height>48</height>
					<onleft>81</onleft>
					<onright>69</onright>
					<onup>50</onup>
					<ondown>83</ondown>
					<texturenofocus border="10">key-nofocus.png</texturenofocus>
					<texturefocus border="10">key-focus.png</texturefocus>
					<align>center</align>
					<aligny>center</aligny>
					<font>font-20</font>
				</control>
				<control type="button" id="69">
					<description>'E' button</description>
					<posx>310</posx>
					<posy>50</posy>
					<width>48</width>
					<height>48</height>
					<onleft>87</onleft>
					<onright>82</onright>
					<onup>51</onup>
					<ondown>68</ondown>
					<texturenofocus border="10">key-nofocus.png</texturenofocus>
					<texturefocus border="10">key-focus.png</texturefocus>
					<align>center</align>
					<aligny>center</aligny>
					<font>font-20</font>
				</control>
				<control type="button" id="82">
					<description>'R' button</description>
					<posx>360</posx>
					<posy>50</posy>
					<width>48</width>
					<height>48</height>
					<onleft>69</onleft>
					<onright>84</onright>
					<onup>52</onup>
					<ondown>70</ondown>
					<texturenofocus border="10">key-nofocus.png</texturenofocus>
					<texturefocus border="10">key-focus.png</texturefocus>
					<align>center</align>
					<aligny>center</aligny>
					<font>font-20</font>
				</control>
				<control type="button" id="84">
					<description>'T' button</description>
					<posx>410</posx>
					<posy>50</posy>
					<width>48</width>
					<height>48</height>
					<onleft>82</onleft>
					<onright>89</onright>
					<onup>53</onup>
					<ondown>71</ondown>
					<texturenofocus border="10">key-nofocus.png</texturenofocus>
					<texturefocus border="10">key-focus.png</texturefocus>
					<align>center</align>
					<aligny>center</aligny>
					<font>font-20</font>
				</control>
				<control type="button" id="89">
					<description>'Y' button</description>
					<posx>460</posx>
					<posy>50</posy>
					<width>48</width>
					<height>48</height>
					<onleft>84</onleft>
					<onright>85</onright>
					<onup>54</onup>
					<ondown>72</ondown>
					<texturenofocus border="10">key-nofocus.png</texturenofocus>
					<texturefocus border="10">key-focus.png</texturefocus>
					<align>center</align>
					<aligny>center</aligny>
					<font>font-20</font>
				</control>
				<control type="button" id="85">
					<description>'U' button</description>
					<posx>510</posx>
					<posy>50</posy>
					<width>48</width>
					<height>48</height>
					<onleft>89</onleft>
					<onright>73</onright>
					<onup>55</onup>
					<ondown>74</ondown>
					<texturenofocus border="10">key-nofocus.png</texturenofocus>
					<texturefocus border="10">key-focus.png</texturefocus>
					<align>center</align>
					<aligny>center</aligny>
					<font>font-20</font>
				</control>
				<control type="button" id="73">
					<description>'I' button</description>
					<posx>560</posx>
					<posy>50</posy>
					<width>48</width>
					<height>48</height>
					<onleft>85</onleft>
					<onright>79</onright>
					<onup>56</onup>
					<ondown>75</ondown>
					<texturenofocus border="10">key-nofocus.png</texturenofocus>
					<texturefocus border="10">key-focus.png</texturefocus>
					<align>center</align>
					<aligny>center</aligny>
					<font>font-20</font>
				</control>
				<control type="button" id="79">
					<description>'O' button</description>
					<posx>610</posx>
					<posy>50</posy>
					<width>48</width>
					<height>48</height>
					<onleft>73</onleft>
					<onright>80</onright>
					<onup>57</onup>
					<ondown>76</ondown>
					<texturenofocus border="10">key-nofocus.png</texturenofocus>
					<texturefocus border="10">key-focus.png</texturefocus>
					<align>center</align>
					<aligny>center</aligny>
					<font>font-20</font>
				</control>
				<control type="button" id="80">
					<description>'P' button</description>
					<posx>660</posx>
					<posy>50</posy>
					<width>48</width>
					<height>48</height>
					<onleft>79</onleft>
					<onright>300</onright>
					<onup>48</onup>
					<ondown>303</ondown>
					<texturenofocus border="10">key-nofocus.png</texturenofocus>
					<texturefocus border="10">key-focus.png</texturefocus>
					<align>center</align>
					<aligny>center</aligny>
					<font>font-20</font>
				</control>
				<control type="button" id="300">
					<description>DONE button</description>
					<posx>710</posx>
					<posy>50</posy>
					<width>108</width>
					<height>48</height>
					<label>20177</label>
					<onleft>80</onleft>
					<onright>297</onright>
					<onup>8</onup>
					<ondown>303</ondown>
					<texturenofocus border="10">key-special-nofocus.png</texturenofocus>
					<texturefocus border="10">key-focus.png</texturefocus>
					<align>center</align>
					<aligny>center</aligny>
					<font>font-20</font>
				</control>
				<control type="button" id="65">
					<description>'A' button</description>
					<posx>220</posx>
					<posy>100</posy>
					<width>48</width>
					<height>48</height>
					<onleft>294</onleft>
					<onright>83</onright>
					<onup>81</onup>
					<ondown>90</ondown>
					<texturenofocus border="10">key-nofocus.png</texturenofocus>
					<texturefocus border="10">key-focus.png</texturefocus>
					<align>center</align>
					<aligny>center</aligny>
					<font>font-20</font>
				</control>
				<control type="button" id="83">
					<description>'S' button</description>
					<posx>270</posx>
					<posy>100</posy>
					<width>48</width>
					<height>48</height>
					<onleft>65</onleft>
					<onright>68</onright>
					<onup>87</onup>
					<ondown>88</ondown>
					<texturenofocus border="10">key-nofocus.png</texturenofocus>
					<texturefocus border="10">key-focus.png</texturefocus>
					<align>center</align>
					<aligny>center</aligny>
					<font>font-20</font>
				</control>
				<control type="button" id="68">
					<description>'D' button</description>
					<posx>320</posx>
					<posy>100</posy>
					<width>48</width>
					<height>48</height>
					<onleft>83</onleft>
					<onright>70</onright>
					<onup>69</onup>
					<ondown>67</ondown>
					<texturenofocus border="10">key-nofocus.png</texturenofocus>
					<texturefocus border="10">key-focus.png</texturefocus>
					<align>center</align>
					<aligny>center</aligny>
					<font>font-20</font>
				</control>
				<control type="button" id="70">
					<description>'F' button</description>
					<posx>370</posx>
					<posy>100</posy>
					<width>48</width>
					<height>48</height>
					<onleft>68</onleft>
					<onright>71</onright>
					<onup>82</onup>
					<ondown>86</ondown>
					<texturenofocus border="10">key-nofocus.png</texturenofocus>
					<texturefocus border="10">key-focus.png</texturefocus>
					<align>center</align>
					<aligny>center</aligny>
					<font>font-20</font>
				</control>
				<control type="button" id="71">
					<description>'G' button</description>
					<posx>420</posx>
					<posy>100</posy>
					<width>48</width>
					<height>48</height>
					<onleft>70</onleft>
					<onright>72</onright>
					<onup>84</onup>
					<ondown>66</ondown>
					<texturenofocus border="10">key-nofocus.png</texturenofocus>
					<texturefocus border="10">key-focus.png</texturefocus>
					<align>center</align>
					<aligny>center</aligny>
					<font>font-20</font>
				</control>
				<control type="button" id="72">
					<description>'H' button</description>
					<posx>470</posx>
					<posy>100</posy>
					<width>48</width>
					<height>48</height>
					<onleft>71</onleft>
					<onright>74</onright>
					<onup>89</onup>
					<ondown>78</ondown>
					<texturenofocus border="10">key-nofocus.png</texturenofocus>
					<texturefocus border="10">key-focus.png</texturefocus>
					<align>center</align>
					<aligny>center</aligny>
					<font>font-20</font>
				</control>
				<control type="button" id="74">
					<description>'J' button</description>
					<posx>520</posx>
					<posy>100</posy>
					<width>48</width>
					<height>48</height>
					<onleft>72</onleft>
					<onright>75</onright>
					<onup>85</onup>
					<ondown>77</ondown>
					<texturenofocus border="10">key-nofocus.png</texturenofocus>
					<texturefocus border="10">key-focus.png</texturefocus>
					<align>center</align>
					<aligny>center</aligny>
					<font>font-20</font>
				</control>
				<control type="button" id="75">
					<description>'K' button</description>
					<posx>570</posx>
					<posy>100</posy>
					<width>48</width>
					<height>48</height>
					<onleft>74</onleft>
					<onright>76</onright>
					<onup>73</onup>
					<ondown>305</ondown>
					<texturenofocus border="10">key-nofocus.png</texturenofocus>
					<texturefocus border="10">key-focus.png</texturefocus>
					<align>center</align>
					<aligny>center</aligny>
					<font>font-20</font>
				</control>
				<control type="button" id="76">
					<description>'L' button</description>
					<posx>620</posx>
					<posy>100</posy>
					<width>48</width>
					<height>48</height>
					<onleft>75</onleft>
					<onright>303</onright>
					<onup>79</onup>
					<ondown>306</ondown>
					<texturenofocus border="10">key-nofocus.png</texturenofocus>
					<texturefocus border="10">key-focus.png</texturefocus>
					<align>center</align>
					<aligny>center</aligny>
					<font>font-20</font>
				</control>
				<control type="togglebutton" id="303">
					<description>CAPS LOCK button</description>
					<posx>670</posx>
					<posy>100</posy>
					<width>148</width>
					<height>48</height>
					<label>20179</label>
					<onleft>76</onleft>
					<onright>295</onright>
					<onup>300</onup>
					<ondown>302</ondown>
					<texturenofocus border="24">key-special-nofocus-off.png</texturenofocus>
					<texturefocus border="24">key-special-focus-off.png</texturefocus>
					<alttexturenofocus border="24">key-special-nofocus-on.png</alttexturenofocus>
					<alttexturefocus border="24">key-special-focus-on.png</alttexturefocus>
					<align>center</align>
					<aligny>center</aligny>
					<font>font-20</font>
				</control>
				<control type="button" id="90">
					<description>'Z' button</description>
					<posx>228</posx>
					<posy>150</posy>
					<width>48</width>
					<height>48</height>
					<onleft>292</onleft>
					<onright>88</onright>
					<onup>65</onup>
					<ondown>307</ondown>
					<texturenofocus border="10">key-nofocus.png</texturenofocus>
					<texturefocus border="10">key-focus.png</texturefocus>
					<align>center</align>
					<aligny>center</aligny>
					<font>font-20</font>
				</control>
				<control type="button" id="88">
					<description>'X' button</description>
					<posx>280</posx>
					<posy>150</posy>
					<width>48</width>
					<height>48</height>
					<onleft>90</onleft>
					<onright>67</onright>
					<onup>83</onup>
					<ondown>307</ondown>
					<texturenofocus border="10">key-nofocus.png</texturenofocus>
					<texturefocus border="10">key-focus.png</texturefocus>
					<align>center</align>
					<aligny>center</aligny>
					<font>font-20</font>
				</control>
				<control type="button" id="67">
					<description>'C' button</description>
					<posx>330</posx>
					<posy>150</posy>
					<width>48</width>
					<height>48</height>
					<onleft>88</onleft>
					<onright>86</onright>
					<onup>68</onup>
					<ondown>32</ondown>
					<texturenofocus border="10">key-nofocus.png</texturenofocus>
					<texturefocus border="10">key-focus.png</texturefocus>
					<align>center</align>
					<aligny>center</aligny>
					<font>font-20</font>
				</control>
				<control type="button" id="86">
					<description>'V' button</description>
					<posx>380</posx>
					<posy>150</posy>
					<width>48</width>
					<height>48</height>
					<onleft>67</onleft>
					<onright>66</onright>
					<onup>70</onup>
					<ondown>32</ondown>
					<texturenofocus border="10">key-nofocus.png</texturenofocus>
					<texturefocus border="10">key-focus.png</texturefocus>
					<align>center</align>
					<aligny>center</aligny>
					<font>font-20</font>
				</control>
				<control type="button" id="66">
					<description>'B' button</description>
					<posx>430</posx>
					<posy>150</posy>
					<width>48</width>
					<height>48</height>
					<onleft>86</onleft>
					<onright>78</onright>
					<onup>71</onup>
					<ondown>32</ondown>
					<texturenofocus border="10">key-nofocus.png</texturenofocus>
					<texturefocus border="10">key-focus.png</texturefocus>
					<align>center</align>
					<aligny>center</aligny>
					<font>font-20</font>
				</control>
				<control type="button" id="78">
					<description>'N' button</description>
					<posx>480</posx>
					<posy>150</posy>
					<width>48</width>
					<height>48</height>
					<onleft>66</onleft>
					<onright>77</onright>
					<onup>72</onup>
					<ondown>32</ondown>
					<texturenofocus border="10">key-nofocus.png</texturenofocus>
					<texturefocus border="10">key-focus.png</texturefocus>
					<align>center</align>
					<aligny>center</aligny>
					<font>font-20</font>
				</control>
				<control type="button" id="77">
					<description>'M' button</description>
					<posx>530</posx>
					<posy>150</posy>
					<width>48</width>
					<height>48</height>
					<onleft>78</onleft>
					<onright>305</onright>
					<onup>74</onup>
					<ondown>32</ondown>
					<texturenofocus border="10">key-nofocus.png</texturenofocus>
					<texturefocus border="10">key-focus.png</texturefocus>
					<align>center</align>
					<aligny>center</aligny>
					<font>font-20</font>
				</control>
				<control type="button" id="305">
					<description>previous button</description>
					<posx>580</posx>
					<posy>150</posy>
					<width>48</width>
					<height>48</height>
					<label>&lt;</label>
					<onleft>77</onleft>
					<onright>306</onright>
					<onup>75</onup>
					<ondown>32</ondown>
					<texturenofocus border="10">key-special-nofocus.png</texturenofocus>
					<texturefocus border="10">key-focus.png</texturefocus>
					<align>center</align>
					<aligny>center</aligny>
					<font>font-20</font>
				</control>
				<control type="button" id="306">
					<description>next button</description>
					<posx>630</posx>
					<posy>150</posy>
					<width>48</width>
					<height>48</height>
					<label>&gt;</label>
					<onleft>305</onleft>
					<onright>302</onright>
					<onup>76</onup>
					<ondown>288</ondown>
					<texturenofocus border="10">key-special-nofocus.png</texturenofocus>
					<texturefocus border="10">key-focus.png</texturefocus>
					<align>center</align>
					<aligny>center</aligny>
					<font>font-20</font>
				</control>
				<control type="togglebutton" id="302">
					<description>SHIFT button</description>
					<posx>680</posx>
					<posy>150</posy>
					<width>138</width>
					<height>48</height>
					<label>20178</label>
					<onleft>306</onleft>
					<onright>293</onright>
					<onup>303</onup>
					<ondown>304</ondown>
					<texturenofocus border="24">key-special-nofocus-off.png</texturenofocus>
					<texturefocus border="24">key-special-focus-off.png</texturefocus>
					<alttexturenofocus border="24">key-special-nofocus-on.png</alttexturenofocus>
					<alttexturefocus border="24">key-special-focus-on.png</alttexturefocus>
					<align>center</align>
					<aligny>center</aligny>
					<font>font-20</font>
				</control>
				<control type="button" id="307">
					<description>IP Input button</description>
					<posx>200</posx>
					<posy>200</posy>
					<width>148</width>
					<height>48</height>
					<label>1006</label>
					<onleft>291</onleft>
					<onright>32</onright>
					<onup>90</onup>
					<ondown>49</ondown>
					<texturenofocus border="10">key-special-nofocus.png</texturenofocus>
					<texturefocus border="10">key-focus.png</texturefocus>
					<align>center</align>
					<aligny>center</aligny>
					<font>font-20</font>
				</control>
				<control type="button" id="32">
					<description>SPACE button</description>
					<posx>350</posx>
					<posy>200</posy>
					<width>268</width>
					<height>48</height>
					<label>20182</label>
					<onleft>307</onleft>
					<onright>288</onright>
					<onup>67</onup>
					<ondown>51</ondown>
					<texturenofocus border="10">key-special-nofocus.png</texturenofocus>
					<texturefocus border="10">key-focus.png</texturefocus>
					<align>center</align>
					<aligny>center</aligny>
					<font>font-20</font>
				</control>
				
				<control type="group">
				<posx>620</posx>
				<posy>200</posy>
				<control type="group">
					<visible>StringCompare(Window(10000).Property(ForumBrowser_modKeyboard),1)</visible>
					<posx>0</posx>
					<posy>0</posy>
					<control type="button" id="288">
						<description>Contract</description>
						<posx>0</posx>
						<posy>0</posy>
						<width>48</width>
						<height>48</height>
						<onleft>32</onleft>
						<onright>289</onright>
						<onup>289</onup>
						<ondown>289</ondown>
						<texturenofocus border="10">key-special-nofocus.png</texturenofocus>
						<texturefocus border="10">key-focus.png</texturefocus>
						<align>center</align>
						<aligny>center</aligny>
						<font>font-20</font>
						<focusedcolor>yellow</focusedcolor>
						<onclick>SetProperty(ForumBrowser_modKeyboard,0,10000)</onclick>
						<onclick>Control.SetFocus(289)</onclick>
						<label>][</label>
					</control>
				</control>
				<control type="group">
					<visible>!StringCompare(Window(10000).Property(ForumBrowser_modKeyboard),1)</visible>
					<posx>0</posx>
					<posy>0</posy>
					<control type="button" id="289">
						<description>Expand</description>
						<posx>0</posx>
						<posy>0</posy>
						<width>48</width>
						<height>48</height>
						<onleft>288</onleft>
						<onright>304</onright>
						<onup>306</onup>
						<ondown>57</ondown>
						<texturenofocus border="10">key-special-nofocus.png</texturenofocus>
						<texturefocus border="10">key-focus.png</texturefocus>
						<align>center</align>
						<aligny>center</aligny>
						<font>font-20</font>
						<focusedcolor>yellow</focusedcolor>
						<onclick>SetProperty(ForumBrowser_modKeyboard,1,10000)</onclick>
						<onclick>Control.SetFocus(288)</onclick>
						<label>[-]</label>
					</control>
				</control>
			</control>
			
				<control type="togglebutton" id="304">
					<description>Symbols button</description>
					<posx>670</posx>
					<posy>200</posy>
					<width>148</width>
					<height>48</height>
					<label>20180</label>
					<onleft>289</onleft>
					<onright>291</onright>
					<onup>302</onup>
					<ondown>8</ondown>
					<texturenofocus border="24">key-special-nofocus-off.png</texturenofocus>
					<texturefocus border="24">key-special-focus-off.png</texturefocus>
					<alttexturenofocus border="24">key-special-nofocus-on.png</alttexturenofocus>
					<alttexturefocus border="24">key-special-focus-on.png</alttexturefocus>
					<align>center</align>
					<aligny>center</aligny>
					<font>font-20</font>
				</control>
			</control>
		</control>
	</controls>
</window>
