<?xml version="1.0" encoding="utf-8" standalone="yes"?>
<window>
	<defaultcontrol always="true">119</defaultcontrol>
	<zorder>1</zorder>
	<type>dialog</type>
	<coordinates>
		<system>1</system>
		<posx>205</posx>
		<posy>50</posy>
		<origin x="20" y="50">Player.Playing + Player.HasVideo + !StringCompare(Window(10000).Property(ForumBrowser_hidePNP),1)</origin>
	</coordinates>
	<controls>
<!-- 		<control type="group"> -->
<!-- 			<animation effect="fade" start="100" end="0" time="200">WindowClose</animation> -->
<!-- 			<animation effect="fade" start="0" end="100" time="200">WindowOpen</animation> -->
<!-- 			<visible>Control.IsVisible(115)</visible> -->
<!-- 			<control type="image"> -->
<!-- 				<posx>-20</posx> -->
<!-- 				<posy>-50</posy> -->
<!-- 				<width>310</width> -->
<!-- 				<height>720</height> -->
<!-- 				<texture>forum-browser-video-white.png</texture> -->
<!-- 				<colordiffuse>AA000000</colordiffuse> -->
<!-- 			</control> -->
<!-- 			<control type="image"> -->
<!-- 				<posx>290</posx> -->
<!-- 				<posy>510</posy> -->
<!-- 				<width>970</width> -->
<!-- 				<height>160</height> -->
<!-- 				<texture>forum-browser-video-white.png</texture> -->
<!-- 				<colordiffuse>AA000000</colordiffuse> -->
<!-- 			</control> -->
<!-- 		</control> -->
		<control type="image">
			<posx>-10</posx>
			<posy>-10</posy>
			<width>490</width>
			<height>640</height>
			<texture border="10">forum-browser-video-box-white.png</texture>
			<colordiffuse>44000000</colordiffuse>
			<visible>!Control.IsVisible(115)</visible>
		</control>
		<control type="image">
			<posx>0</posx>
			<posy>0</posy>
			<width>470</width>
			<height>620</height>
			<texture border="10">forum-browser-video-box.png</texture>
			<colordiffuse>FF4488AA</colordiffuse>
			<visible>!Control.IsVisible(115)</visible>
		</control>
		<control type="image">
			<posx>10</posx>
			<posy>10</posy>
			<width>450</width>
			<height>600</height>
			<texture border="10">forum-browser-video-box-light.png</texture>
			<visible>!Control.IsVisible(115)</visible>
		</control>
		
		<control type="image">
			<posx>-5</posx>
			<posy>-5</posy>
			<width>300</width>
			<height>630</height>
			<texture border="10">forum-browser-video-box-white.png</texture>
			<colordiffuse>44000000</colordiffuse>
			<visible>Control.IsVisible(115)</visible>
		</control>
		<control type="image" id="115">
			<posx>0</posx>
			<posy>0</posy>
			<width>290</width>
			<height>620</height>
			<texture border="10">forum-browser-video-box.png</texture>
			<colordiffuse>FF4488AA</colordiffuse>
			<visible>Player.Playing + Player.HasVideo + !StringCompare(Window(10000).Property(ForumBrowser_hidePNP),1)</visible>
		</control>
		<control type="image">
			<posx>10</posx>
			<posy>10</posy>
			<width>270</width>
			<height>600</height>
			<texture border="10">forum-browser-video-box-light.png</texture>
			<visible>Control.IsVisible(115)</visible>
		</control>
		
		<control type="group" id="119">
			<control type='list' id="120">
				<posx>10</posx>
				<posy>50</posy>
				<width>450</width>
				<height>554</height>
				<scrolltime>200</scrolltime>
				<itemlayout height="39">
					<control type="group">
						<visible>!Control.IsVisible(115)</visible>
						<control type="image">
							<posx>2</posx>
							<posy>8</posy>
							<width>446</width>
							<height>38</height>
							<texture>$INFO[ListItem.Property(bgfile)]</texture>
							<aspectratio>stretch</aspectratio>
						</control>
						<control type="image">
							<posx>2</posx>
							<posy>8</posy>
							<width>446</width>
							<height>38</height>
							<texture>$INFO[ListItem.Thumb]</texture>
							<aspectratio align="right">keep</aspectratio>
						</control>
						<control type="image">
							<posx>2</posx>
							<posy>8</posy>
							<width>446</width>
							<height>38</height>
							<texture>forum-browser-video-fade-overlay.png</texture>
							<aspectratio>stretch</aspectratio>
						</control>
						<control type="label">
							<posx>10</posx>
							<posy>12</posy>
							<width>430</width>
							<height>30</height>
							<font>ForumBrowser-font13</font>
							<aligny>center</aligny>
							<textcolor>FFFFFFFF</textcolor>
							<align>left</align>
							<info>ListItem.Label</info>
						</control>
					</control>
					<control type="label">
						<posx>10</posx>
						<posy>12</posy>
						<width>250</width>
						<height>30</height>
						<font>ForumBrowser-font13</font>
						<aligny>center</aligny>
						<textcolor>FFFFFFFF</textcolor>
						<align>left</align>
						<info>ListItem.Label</info>
						<visible>Control.IsVisible(115)</visible>
					</control>
				</itemlayout>
				<focusedlayout height="39">
					<control type="group">
						<visible>!Control.IsVisible(115)</visible>
						<control type="image">
							<posx>2</posx>
							<posy>-4</posy>
							<width>446</width>
							<height>62</height>
							<texture>forum-browser-video-select-back.png</texture>
							<colordiffuse>FF4488AA</colordiffuse>
						</control>
						<control type="image">
							<posx>0</posx>
							<posy>8</posy>
							<width>450</width>
							<height>38</height>
							<texture>$INFO[ListItem.Property(bgfile)]</texture>
							<aspectratio>stretch</aspectratio>
						</control>
						<control type="image">
							<posx>0</posx>
							<posy>8</posy>
							<width>448</width>
							<height>38</height>
							<texture>$INFO[ListItem.Thumb]</texture>
							<aspectratio align="right">keep</aspectratio>
						</control>
						<control type="image">
							<posx>0</posx>
							<posy>8</posy>
							<width>450</width>
							<height>38</height>
							<texture>forum-browser-video-black.png</texture>
							<colordiffuse>66000000</colordiffuse>
						</control>
						<control type="image">
							<posx>0</posx>
							<posy>8</posy>
							<width>450</width>
							<height>38</height>
							<texture>forum-browser-video-fade-overlay.png</texture>
							<aspectratio>stretch</aspectratio>
						</control>
						<control type="image">
							<posx>0</posx>
							<posy>8</posy>
							<width>450</width>
							<height>38</height>
							<texture border="10" diffuse="../../../media/forum-browser-fade-overlay.png">forum-browser-video-select.png</texture>
						</control>
						<control type="label">
							<posx>10</posx>
							<posy>12</posy>
							<width>430</width>
							<height>30</height>
							<font>ForumBrowser-font13</font>
							<aligny>center</aligny>
							<textcolor>FFFFFFFF</textcolor>
							<align>left</align>
							<info>ListItem.Label</info>
						</control>
						<control type="image">
							<posx>0</posx>
							<posy>8</posy>
							<width>450</width>
							<height>38</height>
							<texture border="10">forum-browser-video-select-outline.png</texture>
							<colordiffuse>FF777777</colordiffuse>
							<visible>!Control.HasFocus(120)</visible>
						</control>
						<control type="image">
							<posx>0</posx>
							<posy>8</posy>
							<width>450</width>
							<height>38</height>
							<texture border="10">forum-browser-video-select-outline.png</texture>
							<visible>Control.HasFocus(120)</visible>
						</control>
					</control>
					<control type="group">
						<visible>Control.IsVisible(115)</visible>
						<control type="image">
							<posx>2</posx>
							<posy>-4</posy>
							<width>266</width>
							<height>62</height>
							<texture>forum-browser-video-select-back.png</texture>
							<colordiffuse>FF4488AA</colordiffuse>
						</control>
						<control type="image">
							<posx>0</posx>
							<posy>8</posy>
							<width>270</width>
							<height>38</height>
							<texture border="10">forum-browser-video-select.png</texture>
						</control>
						<control type="label">
							<posx>10</posx>
							<posy>12</posy>
							<width>250</width>
							<height>30</height>
							<font>ForumBrowser-font13</font>
							<aligny>center</aligny>
							<textcolor>FFFFFFFF</textcolor>
							<align>left</align>
							<info>ListItem.Label</info>
						</control>
					</control>
				</focusedlayout>
			</control>
		</control>
		
		<control type="image">
			<posx>10</posx>
			<posy>10</posy>
			<width>450</width>
			<height>42</height>
			<texture border="10">forum-browser-video-box-header.png</texture>
			<visible>!Control.IsVisible(115)</visible>
		</control>
		<control type="image">
			<posx>10</posx>
			<posy>10</posy>
			<width>270</width>
			<height>42</height>
			<texture border="10">forum-browser-video-box-header.png</texture>
			<visible>Control.IsVisible(115)</visible>
		</control>
		
		<control type="label" id="300">
			<posx>20</posx>
			<posy>16</posy>
			<width>430</width>
			<height>30</height>
			<font>ForumBrowser-font13</font>
			<aligny>center</aligny>
			<textcolor>FFFFFFFF</textcolor>
			<align>center</align>
			<label>[B]$INFO[Window.Property(caption)][/B]</label>
			<visible>!Control.IsVisible(115)</visible>
		</control>
		<control type="label">
			<posx>20</posx>
			<posy>16</posy>
			<width>250</width>
			<height>30</height>
			<font>ForumBrowser-font13</font>
			<aligny>center</aligny>
			<textcolor>FFFFFFFF</textcolor>
			<align>center</align>
			<label>[B]$INFO[Window.Property(caption)][/B]</label>
			<visible>Control.IsVisible(115)</visible>
		</control>
		
		<control type="group" id="260">
			<visible>!Control.IsVisible(115) + StringCompare(Container(120).ListItem.Property(description_window),show)</visible>
			<posx>500</posx>
			<posy>50</posy>
			<control type="image">
				<posx>-10</posx>
				<posy>-10</posy>
				<width>480</width>
				<height>540</height>
				<texture border="10">forum-browser-video-box-white.png</texture>
				<colordiffuse>44000000</colordiffuse>
			</control>
			<control type="image">
				<posx>0</posx>
				<posy>0</posy>
				<width>460</width>
				<height>520</height>
				<texture border="10">forum-browser-video-box.png</texture>
				<colordiffuse>FF4488AA</colordiffuse>
			</control>
			<control type="image">
				<posx>10</posx>
				<posy>10</posy>
				<width>440</width>
				<height>500</height>
				<texture border="10">forum-browser-video-box-light.png</texture>
			</control>

			<control type="group">
				<posx>20</posx>
				<posy>20</posy>
				<control type="image">
					<posx>0</posx>
					<posy>0</posy>
					<width>64</width>
					<height>64</height>
					<texture>../../../media/forum-browser-tapatalk.png</texture>
				</control>
				<control type="label">
					<posx>80</posx>
					<posy>10</posy>
					<width>300</width>
					<height>40</height>
					<font>ForumBrowser-font13</font>
					<aligny>center</aligny>
					<textcolor>FFFFFFFF</textcolor>
					<align>left</align>
					<label>[B]Tapatalk[/B]</label>
				</control>
				<visible>
					StringCompare(Container(120).ListItem.Property(interface),TT)
				</visible>
			</control>
			
			<control type="group">
				<posx>20</posx>
				<posy>20</posy>
				<control type="image">
					<posx>0</posx>
					<posy>0</posy>
					<width>64</width>
					<height>64</height>
					<texture>../../../media/forum-browser-forumrunner.png</texture>
				</control>
				<control type="label">
					<posx>80</posx>
					<posy>10</posy>
					<width>300</width>
					<height>40</height>
					<font>ForumBrowser-font13</font>
					<aligny>center</aligny>
					<textcolor>FFFFFFFF</textcolor>
					<align>left</align>
					<label>[B]Forumrunner[/B]</label>
				</control>
				<visible>
					StringCompare(Container(120).ListItem.Property(interface),FR)
				</visible>
			</control>
			
			<control type="group">
				<posx>20</posx>
				<posy>20</posy>
				<control type="image">
					<posx>0</posx>
					<posy>0</posy>
					<width>64</width>
					<height>64</height>
					<texture>../../../media/forum-browser-proboards.png</texture>
				</control>
				<control type="label">
					<posx>80</posx>
					<posy>10</posy>
					<width>300</width>
					<height>40</height>
					<font>ForumBrowser-font13</font>
					<aligny>center</aligny>
					<textcolor>FFFFFFFF</textcolor>
					<align>left</align>
					<label>[B]ProBoards[/B]</label>
				</control>
				<visible>
					StringCompare(Container(120).ListItem.Property(interface),PB)
				</visible>
			</control>
			
			<control type="group">
				<posx>20</posx>
				<posy>20</posy>
				<control type="image">
					<posx>0</posx>
					<posy>0</posy>
					<width>64</width>
					<height>64</height>
					<texture>../../../media/forum-browser-yuku.png</texture>
				</control>
				<control type="label">
					<posx>80</posx>
					<posy>10</posy>
					<width>300</width>
					<height>40</height>
					<font>ForumBrowser-font13</font>
					<aligny>center</aligny>
					<textcolor>FFFFFFFF</textcolor>
					<align>left</align>
					<label>[B]Yuku[/B]</label>
				</control>
				<visible>
					StringCompare(Container(120).ListItem.Property(interface),YK)
				</visible>
			</control>
			
			<control type="group">
				<posx>20</posx>
				<posy>20</posy>
				<control type="image">
					<posx>0</posx>
					<posy>0</posy>
					<width>64</width>
					<height>64</height>
					<texture>../../../media/forum-browser-logo-128.png</texture>
				</control>
				<control type="label">
					<posx>80</posx>
					<posy>10</posy>
					<width>300</width>
					<height>40</height>
					<font>ForumBrowser-font13</font>
					<aligny>center</aligny>
					<textcolor>FFFFFFFF</textcolor>
					<align>left</align>
					<label>[B]Parser Browser[/B]</label>
				</control>
				<visible>
					StringCompare(Container(120).ListItem.Property(interface),GBalt)
				</visible>
			</control>
			
			<control type="group">
				<posx>20</posx>
				<posy>20</posy>
				<control type="image">
					<posx>0</posx>
					<posy>0</posy>
					<width>64</width>
					<height>64</height>
					<texture>../../../media/forum-browser-logo-128.png</texture>
				</control>
				
				<control type="image">
					<posx>75</posx>
					<posy>5</posy>
					<width>20</width>
					<height>20</height>
					<texture>../../../media/forum-browser-logged-in.png</texture>
					<colordiffuse>$INFO[Container(120).ListItem.Property(function)]</colordiffuse>
				</control>
				
				<control type="image">
					<posx>75</posx>
					<posy>35</posy>
					<width>20</width>
					<height>20</height>
					<texture>../../../media/forum-browser-logged-in.png</texture>
					<colordiffuse>$INFO[Container(120).ListItem.Property(accuracy)]</colordiffuse>
				</control>
				
				<control type="label">
					<posx>100</posx>
					<posy>5</posy>
					<width>300</width>
					<height>20</height>
					<font>ForumBrowser-font13</font>
					<aligny>center</aligny>
					<textcolor>FFFFFFFF</textcolor>
					<align>left</align>
					<label>$ADDON[script.forum.browser 32936]</label>
				</control>
				<control type="label">
					<posx>100</posx>
					<posy>35</posy>
					<width>300</width>
					<height>20</height>
					<font>ForumBrowser-font13</font>
					<aligny>center</aligny>
					<textcolor>FFFFFFFF</textcolor>
					<align>left</align>
					<label>$ADDON[script.forum.browser 32937]</label>
				</control>
				
				<visible>
					StringCompare(Container(120).ListItem.Property(interface),GB)
				</visible>
			</control>

			<control type="textbox" id="310">
				<posx>20</posx>
				<posy>120</posy>
				<width>420</width>
				<height>380</height>
				<font>ForumBrowser-font13</font>
				<textcolor>FFFFFFFF</textcolor>
				<align>center</align>
				<info>Container(120).ListItem.Label2</info>
			</control>
		</control>
		
	</controls>
</window>
