<window>
	<defaultcontrol>121</defaultcontrol>
	<coordinates>
		<system>1</system>
		<posx>0</posx>
		<posy>0</posy>
	</coordinates>
	<controls>
		<control type="image" id="101">
			<posx>0</posx>
			<posy>0</posy>
			<width>1280</width>
			<height>720</height>
			<texture border="40">webviewer-default-panel-full.png</texture>
			<colordiffuse>FF000000</colordiffuse>
		</control>
		<control type="image" id="102">
			<description>page header tab icon</description>
			<posx>10</posx>
			<posy>10</posy>
			<width>1260</width>
			<height>700</height>
			<texture border="10">webviewer-text-background.png</texture>
			<visible>true</visible>
		</control>
		<control type="textbox" id="120">
			<posx>25</posx>
			<posy>25</posy>
			<width>1220</width>
			<height>670</height>
			<font>font12</font>
			<aligny>center</aligny>
			<textcolor>black</textcolor>
			<selectedcolor>black</selectedcolor>
			<align>left</align>
			<pagecontrol>121</pagecontrol>
			<visible>true</visible>
		</control>	
		<control type="scrollbar" id="121">
			<description>scroll bar indicator for lists</description>
			<posx>1250</posx>
			<posy>25</posy>
			<width>12</width>
			<height>670</height>
			<onleft>121</onleft>
			<onright>121</onright>
			<onup>121</onup>
			<ondown>121</ondown>
			<texturesliderbackground border="6">webviewer-default-scroll_back.png</texturesliderbackground>
			<texturesliderbar border="6">webviewer-default-scroll_mid.png</texturesliderbar>
			<texturesliderbarfocus border="6">webviewer-default-scroll_mid.png</texturesliderbarfocus>
			<textureslidernib>-</textureslidernib>
			<textureslidernibfocus>-</textureslidernibfocus>
			<orientation>vertical</orientation>
			<showonepage>true</showonepage>
			<visible>true</visible>
		</control>
	</controls>
</window>
