<?xml version="1.0" encoding="utf-8" standalone="yes"?>
<window>
	<zorder>1</zorder>
	<coordinates>
		<system>1</system>
		<posx>456</posx>
		<posy>206</posy>
		<origin x="456" y="116">Player.Playing + Player.HasVideo + !StringCompare(Window(10000).Property(ForumBrowser_hidePNP),1)</origin>
	</coordinates>
	<controls>
		<control type="image">
			<posx>-2</posx>
			<posy>-2</posy>
			<width>372</width>
			<height>222</height>
			<texture>forum-browser-sequel-white_square.png</texture>
			<colordiffuse>FF808080</colordiffuse>
		</control>
		<control type="image">
			<posx>0</posx>
			<posy>0</posy>
			<width>368</width>
			<height>218</height>
			<texture>forum-browser-sequel-white_square.png</texture>
			<colordiffuse>FF000000</colordiffuse>
		</control>
		<control type="textbox" id="100">
			<posx>10</posx>
			<posy>10</posy>
			<width>348</width>
			<height>40</height>
			<font>ForumBrowser-font10</font>
			<align>center</align>
			<textcolor>FFFFFFFF</textcolor>
			<wrapmultiline>true</wrapmultiline>
		</control>

		<control type="group">
			<description>Loading</description>
			<posx>120</posx>
			<posy>60</posy>
			<control type="image">
				<description>Loading</description>
				<posx>-10</posx>
				<posy>-10</posy>
				<width>148</width>
				<height>148</height>
				<texture>../../../media/forum-browser-loading-bg.png</texture>
			</control>
			<control type="image">
				<description>Loading</description>
				<posx>4</posx>
				<posy>4</posy>
				<width>120</width>
				<height>120</height>
				<texture>../../../media/forum-browser-loading.gif</texture>
			</control>
		</control>
	</controls>
</window>
