<?xml version="1.0" encoding="UTF-8" standalone="yes"?>
<addon id="script.facebook.media"
       name="Facebook Media"
       version="0.8.5"
       provider-name="Rick Phillips (ruuk)">
  <requires>
    <import addon="xbmc.python" version="2.0"/>
    <import addon="script.module.simplejson" version="2.0.9"/>
    <import addon="script.web.viewer" />
  </requires>
  <extension point="xbmc.python.script"
             library="default.py">
    <provides>executable</provides>
    <provides>image</provides>
    <provides>video</provides>
  </extension>
  <extension point="xbmc.addon.metadata">
    <platform>all</platform>
    <summary lang="en">Browse Facebook photos and videos</summary>
    <description lang="en">Browse your and your friends' photos and videos. View and add comments and likes. View image tags.</description>
  </extension>
</addon>