<?xml version="1.0" encoding="UTF-8" standalone="yes"?>
<addon id="service.xbmc.tts"
       name="XBMC TTS"
       version="0.0.71"
       provider-name="Rick Phillips (ruuk), pvagner">
  <requires>
    <import addon="xbmc.python" version="2.1.0"/>
  </requires>
  <extension point="xbmc.service" library="main.py" start="login"></extension>
  <extension point="xbmc.addon.metadata">
    <summary lang="en">Text to speech for XBMC</summary>
    <description lang="en">Text to speech for XBMC</description>
    <platform>all</platform>
    <license>GNU GENERAL PUBLIC LICENSE. Version 2, June 1991</license>
    <forum>http://forum.xbmc.org/showthread.php?tid=117199</forum>
    <source>https://github.com/ruuk/service.xbmc.tts</source>
	<website>http://ruuk.github.io/service.xbmc.tts</website>
  </extension>
</addon>
