<?xml version="1.0" encoding="UTF-8"?>
<window>
	<coordinates>
		<system>1</system>
		<posx>0</posx>
		<posy>0</posy>
	</coordinates>
	<controls>
		<control type="group">
			<posx>100</posx>
			<posy>10</posy>
			<control type="image">
				<posx>0</posx>
				<posy>-5</posy>
				<width>1110</width>
				<height>725</height>
				<texture border="40">forum-browser-white-box.png</texture>
				<colordiffuse>CC000000</colordiffuse>
			</control>
			<control type="image" id="101">
				<posx>0</posx>
				<posy>0</posy>
				<width>1090</width>
				<height>700</height>
				<texture border="40">forum-browser-white-boxr.png</texture>
			</control>

			<control type="image" id="102">
				<posx>20</posx>
				<posy>10</posy>
				<width>1058</width>
				<height>610</height>
				<aspectratio>keep</aspectratio>
			</control>

			<control type="button" id="200">
				<textoffsetx>0</textoffsetx>
				<description>The Button</description>
				<posx>320</posx>
				<posy>625</posy>
				<width>40</width>
				<height>60</height>
				<visible>true</visible>
				<colordiffuse>FFFFFFFF</colordiffuse>
				<font>font12</font>
				<align>right</align>
				<textcolor>FFFFFFFF</textcolor>
				<disabledcolor>80555555</disabledcolor>
				<textoffsetx>35</textoffsetx>
				<texturefocus>forum-browser-left-focus.png</texturefocus>
				<texturenofocus>forum-browser-left-nofocus.png</texturenofocus>
			</control>
			<control type="button" id="110">
				<textoffsetx>0</textoffsetx>
				<description>Close Button</description>
				<onleft>200</onleft>
				<onright>202</onright>
				<posx>533</posx>
				<posy>625</posy>
				<width>32</width>
				<height>28</height>
				<texturefocus>forum-browser-close-button-focus.png</texturefocus>
				<texturenofocus>forum-browser-close-button.png</texturenofocus>
				<visible>system.getbool(input.enablemouse)</visible>
				<onclick>PreviousMenu</onclick>
			</control>
			<control type="button" id="202">
				<textoffsetx>0</textoffsetx>
				<description>The Button</description>
				<posx>738</posx>
				<posy>625</posy>
				<width>40</width>
				<height>60</height>
				<visible>true</visible>
				<colordiffuse>FFFFFFFF</colordiffuse>
				<font>font12</font>
				<align>left</align>
				<textcolor>FFFFFFFF</textcolor>
				<disabledcolor>80555555</disabledcolor>
				<textoffsetx>35</textoffsetx>
				<texturefocus>forum-browser-right-focus.png</texturefocus>
				<texturenofocus>forum-browser-right-nofocus.png</texturenofocus>
			</control>

		</control>
	</controls>
</window>
