<window>
	<defaultcontrol>120</defaultcontrol>
	<coordinates>
		<system>1</system>
		<posx>0</posx>
		<posy>0</posy>
		<origin x="0" y="-60">StringCompare(Window(10000).Property(ForumBrowser_window_slide_up_THREAD),1)</origin>
	</coordinates>
	<controls>
		<control type="group">
			<posx>0</posx>
			<posy>0</posy>
			<control type="image" id="101">
				<visible>!Control.IsVisible(115)</visible>
				<posx>0</posx>
				<posy>0</posy>
				<width>1280</width>
				<height>780</height>
				<texture>forum-browser-sequel-white_square.png</texture>
				<colordiffuse>$INFO[Window(10000).Property(ForumBrowser_window_colors_back_THREAD)]</colordiffuse>
			</control>
			<control type="group" id="115">
				<visible>Player.Playing + Player.HasVideo + !StringCompare(Window(10000).Property(ForumBrowser_hidePNP),1) + !StringCompare(Window(10000).Property(ForumBrowser_window_slide_up_THREAD),1)</visible>
				<posx>0</posx>
				<posy>0</posy>
				<control type="videowindow">
					<description>Background Video</description>
					<posx>0</posx>
					<posy>0</posy>
					<width>1280</width>
					<height>720</height>
				</control>
				<control type="image">
					<posx>0</posx>
					<posy>0</posy>
					<width>1280</width>
					<height>720</height>
					<texture>forum-browser-sequel-white_square.png</texture>
					<colordiffuse>A0FFFFFF</colordiffuse>
					<visible>!StringCompare(Window(10000).Property(ForumBrowser_window_colors_dark_THREAD),1)</visible>
				</control>
				<control type="image">
					<posx>0</posx>
					<posy>0</posy>
					<width>1280</width>
					<height>720</height>
					<texture>forum-browser-sequel-white_square.png</texture>
					<colordiffuse>C0000000</colordiffuse>
					<visible>StringCompare(Window(10000).Property(ForumBrowser_window_colors_dark_THREAD),1)</visible>
				</control>
			</control>
			
			<control type="group">
				<visible>!Control.IsVisible(115) + !StringCompare(Window(10000).Property(ForumBrowser_window_background_THREAD),)</visible>
				<posx>0</posx>
				<posy>90</posy>
				<control type="image">
					<posx>0</posx>
					<posy>0</posy>
					<width>1280</width>
					<height>760</height>
					<texture>$INFO[Window(10000).Property(ForumBrowser_window_background_THREAD)]</texture>
					<aspectration>stretch</aspectration>
				</control>
				<control type="image">
					<posx>0</posx>
					<posy>0</posy>
					<width>1280</width>
					<height>760</height>
					<texture>forum-browser-sequel-white_square.png</texture>
					<colordiffuse>$INFO[Window(10000).Property(ForumBrowser_window_background_fade_white_THREAD)]</colordiffuse>
					<visible>!StringCompare(Window(10000).Property(ForumBrowser_window_colors_dark_THREAD),1)</visible>
				</control>
				<control type="image">
					<posx>0</posx>
					<posy>0</posy>
					<width>1280</width>
					<height>760</height>
					<texture>forum-browser-sequel-white_square.png</texture>
					<colordiffuse>$INFO[Window(10000).Property(ForumBrowser_window_background_fade_black_THREAD)]</colordiffuse>
					<visible>StringCompare(Window(10000).Property(ForumBrowser_window_colors_dark_THREAD),1)</visible>
				</control>
			</control>
			
			<control type="image">
				<description>Header-NoColor</description>
				<posx>0</posx>
				<posy>0</posy>
				<width>1280</width>
				<height>90</height>
				<texture>forum-browser-sequel-white_square.png</texture>
				<colordiffuse>FFFFFFFF</colordiffuse>
			</control>
			<control type="image">
				<description>MenuBGBG-NoColor</description>
				<posx>0</posx>
				<posy>60</posy>
				<width>1280</width>
				<height>30</height>
				<texture>forum-browser-sequel-white_square.png</texture>
				<colordiffuse>FF444444</colordiffuse>
			</control>
			<control type="image">
				<description>Header</description>
				<posx>0</posx>
				<posy>0</posy>
				<width>1280</width>
				<height>90</height>
				<texture>forum-browser-sequel-white_square.png</texture>
				<colordiffuse>$INFO[Window(10000).Property(ForumBrowser_header_color)]</colordiffuse>
			</control>
			
			<control type="group">
				<posx>0</posx>
				<posy>62</posy>
				<control type="image" id="300">
					<posx>0</posx>
					<posy>0</posy>
					<width>1280</width>
					<height>27</height>
					<texture>-</texture>
				</control>
				<control type="image" id="310">
					<description>Progress</description>
					<posx>0</posx>
					<posy>-1</posy>
					<width>1</width>
					<height>29</height>
					<colordiffuse>B000FF00</colordiffuse>
					<texture>forum-browser-sequel-white_square.png</texture>
					<visible>Control.isVisible(106)</visible>
				</control>
			</control>
			
			<control type="image">
				<posx>0</posx>
				<posy>28</posy>
				<width>1280</width>
				<height>62</height>
				<texture>forum-browser-sequel-menu_bg.png</texture>
			</control>
			
			<control type="image">
				<posx>30</posx>
				<posy>62</posy>
				<width>10</width>
				<height>27</height>
				<texture border="3">forum-browser-sequel-vertical_beveled_line.png</texture>
			</control>
			<control type="button" id="201">
				<textoffsetx>0</textoffsetx>
				<description>Post Reply</description>
				<onleft>188</onleft>
				<onright>203</onright>
				<onup>120</onup>
				<ondown>120</ondown>
				<posx>40</posx>
				<posy>62</posy>
				<width>240</width>
				<height>27</height>
				<visible>true</visible>
				<font>ForumBrowser-font12</font>
				<align>center</align>
				<aligny>center</aligny>
				<label>[B][UPPERCASE]$ADDON[script.forum.browser 32252][/UPPERCASE][/B]</label>
				<texturefocus border="3">forum-browser-sequel-vertical_beveled_line_focus.png</texturefocus>
				<texturenofocus border="3">forum-browser-sequel-vertical_beveled_line.png</texturenofocus>
				<textcolor>FFAAAAAA</textcolor>
				<focusedcolor>FFFFFFFF</focusedcolor>
				<disabledcolor>44CCCCCC</disabledcolor>
			</control>
			
			<control type="group">
				<posx>480</posx>
				<posy>59</posy>
				<control type="button" id="203">
					<description>Next</description>
					<onleft>201</onleft>
					<onright>200</onright>
					<onup>120</onup>
					<ondown>120</ondown>
					<posx>0</posx>
					<posy>6</posy>
					<width>20</width>
					<height>20</height>
					<texturefocus  flipx="true">forum-browser-sequel-last.png</texturefocus>
					<texturenofocus  flipx="true">forum-browser-sequel-last_nofocus.png</texturenofocus>
					<visible>Control.IsVisible(200)</visible>
				</control>
				<control type="button" id="200">
					<description>Previous</description>
					<onleft>203</onleft>
					<onright>185</onright>
					<onup>120</onup>
					<ondown>120</ondown>
					<posx>30</posx>
					<posy>6</posy>
					<width>20</width>
					<height>20</height>
					<texturefocus flipx="true">forum-browser-sequel-next.png</texturefocus>
					<texturenofocus  flipx="true">forum-browser-sequel-next_nofocus.png</texturenofocus>
				</control>
				<control type="label" id="105">
					<description>Unused Page Label</description>
					<visible>false</visible>
					<posx>60</posx>
					<posy>0</posy>
					<width>200</width>
					<height>30</height>
				</control>
				<control type="image">
					<posx>50</posx>
					<posy>2</posy>
					<width>10</width>
					<height>27</height>
					<texture border="3">forum-browser-sequel-vertical_beveled_line.png</texture>
				</control>
				<control type="button" id="185">
					<label>[B][UPPERCASE]$INFO[Control.GetLabel(105)][/UPPERCASE][/B]</label>
					<textoffsetx>0</textoffsetx>
					<description>Page Button</description>
					<posx>60</posx>
					<posy>2</posy>
					<width>200</width>
					<height>27</height>
					<onleft>200</onleft>
					<onright>106</onright>
					<onup>120</onup>
					<ondown>120</ondown>
					<font>ForumBrowser-font12</font>
					<aligny>center</aligny>
					<align>center</align>
					<texturefocus border="3">forum-browser-sequel-vertical_beveled_line_focus.png</texturefocus>
					<texturenofocus border="3">forum-browser-sequel-vertical_beveled_line.png</texturenofocus>
					<textcolor>FFAAAAAA</textcolor>
					<disabledcolor>FFCCCCCC</disabledcolor>
					<focusedcolor>FFFFFFFF</focusedcolor>
				</control>
				<control type="button" id="202">
					<description>Next</description>
					<onleft>106</onleft>
					<onright>204</onright>
					<onup>120</onup>
					<ondown>120</ondown>
					<posx>270</posx>
					<posy>6</posy>
					<width>20</width>
					<height>20</height>
					<texturefocus>forum-browser-sequel-next.png</texturefocus>
					<texturenofocus>forum-browser-sequel-next_nofocus.png</texturenofocus>
				</control>
				<control type="button" id="204">
					<description>Next</description>
					<onleft>202</onleft>
					<onright>186</onright>
					<onup>120</onup>
					<ondown>120</ondown>
					<posx>300</posx>
					<posy>6</posy>
					<width>20</width>
					<height>20</height>
					<texturefocus>forum-browser-sequel-last.png</texturefocus>
					<texturenofocus>forum-browser-sequel-last_nofocus.png</texturenofocus>
					<visible>Control.IsVisible(202)</visible>
				</control>
				<visible>!Control.IsVisible(106)</visible>
			</control>
			
			<control type="button" id="106">
				<textoffsetx>0</textoffsetx>
				<description>Stop Button</description>
				<posx>540</posx>
				<posy>62</posy>
				<width>200</width>
				<height>27</height>
				<onleft>185</onleft>
				<onright>202</onright>
				<onup>120</onup>
				<ondown>120</ondown>
				<font>ForumBrowser-font12</font>
				<textcolor>FFAA0000</textcolor>
				<disabledcolor>FFCCCCCC</disabledcolor>
				<focusedcolor>FFFF0000</focusedcolor>
				<aligny>center</aligny>
				<align>center</align>
				<texturefocus border="3">forum-browser-sequel-vertical_beveled_line_focus.png</texturefocus>
				<texturenofocus border="3">forum-browser-sequel-vertical_beveled_line.png</texturenofocus>
				<label>[B][UPPERCASE]$ADDON[script.forum.browser 32910][/UPPERCASE][/B]</label>
			</control>
				
			<control type="group">
				<posx>1160</posx>
				<posy>59</posy>
				<control type="button" id="186">
					<description>Slide Toggle</description>
					<onleft>204</onleft>
					<onright>187</onright>
					<onup>120</onup>
					<ondown>120</ondown>
					<posx>0</posx>
					<posy>6</posy>
					<width>20</width>
					<height>20</height>
					<texturefocus></texturefocus>
					<texturenofocus></texturenofocus>
				</control>
				<control type="image">
					<visible>Control.HasFocus(186) + !StringCompare(Window(10000).Property(ForumBrowser_window_slide_up_THREAD),1)</visible>
					<posx>0</posx>
					<posy>6</posy>
					<width>20</width>
					<height>20</height>
					<texture>forum-browser-sequel-up.png</texture>
				</control>
				<control type="image">
					<visible>!Control.HasFocus(186) + !StringCompare(Window(10000).Property(ForumBrowser_window_slide_up_THREAD),1)</visible>
					<posx>0</posx>
					<posy>6</posy>
					<width>20</width>
					<height>20</height>
					<texture>forum-browser-sequel-up_nofocus.png</texture>
				</control>
				<control type="image">
					<visible>Control.HasFocus(186) + StringCompare(Window(10000).Property(ForumBrowser_window_slide_up_THREAD),1)</visible>
					<posx>0</posx>
					<posy>6</posy>
					<width>20</width>
					<height>20</height>
					<texture flipy="true">forum-browser-sequel-up.png</texture>
				</control>
				<control type="image">
					<visible>!Control.HasFocus(186) + StringCompare(Window(10000).Property(ForumBrowser_window_slide_up_THREAD),1)</visible>
					<posx>0</posx>
					<posy>6</posy>
					<width>20</width>
					<height>20</height>
					<texture flipy="true">forum-browser-sequel-up_nofocus.png</texture>
				</control>
				
				<control type="button" id="187">
					<description>Toggle Light</description>
					<onleft>186</onleft>
					<onright>188</onright>
					<onup>120</onup>
					<ondown>120</ondown>
					<posx>30</posx>
					<posy>6</posy>
					<width>20</width>
					<height>20</height>
					<texturefocus></texturefocus>
					<texturenofocus></texturenofocus>
				</control>
				<control type="image">
					<visible>Control.HasFocus(187) + !StringCompare(Window(10000).Property(ForumBrowser_window_colors_dark_THREAD),1)</visible>
					<posx>30</posx>
					<posy>6</posy>
					<width>20</width>
					<height>20</height>
					<texture>forum-browser-sequel-light_bulb_off.png</texture>
				</control>
				<control type="image">
					<visible>!Control.HasFocus(187) + !StringCompare(Window(10000).Property(ForumBrowser_window_colors_dark_THREAD),1)</visible>
					<posx>30</posx>
					<posy>6</posy>
					<width>20</width>
					<height>20</height>
					<texture>forum-browser-sequel-light_bulb_off_nofocus.png</texture>
				</control>
				<control type="image">
					<visible>Control.HasFocus(187) + StringCompare(Window(10000).Property(ForumBrowser_window_colors_dark_THREAD),1)</visible>
					<posx>30</posx>
					<posy>6</posy>
					<width>20</width>
					<height>20</height>
					<texture>forum-browser-sequel-light_bulb.png</texture>
				</control>
				<control type="image">
					<visible>!Control.HasFocus(187) + StringCompare(Window(10000).Property(ForumBrowser_window_colors_dark_THREAD),1)</visible>
					<posx>30</posx>
					<posy>6</posy>
					<width>20</width>
					<height>20</height>
					<texture>forum-browser-sequel-light_bulb_nofocus.png</texture>
				</control>
				
				<control type="button" id="188">
					<description>Settings</description>
					<onleft>187</onleft>
					<onright>201</onright>
					<onup>120</onup>
					<ondown>120</ondown>
					<posx>60</posx>
					<posy>6</posy>
					<width>20</width>
					<height>20</height>
					<texturefocus>forum-browser-sequel-settings.png</texturefocus>
					<texturenofocus>forum-browser-sequel-settings_nofocus.png</texturenofocus>
				</control>
			</control>
				
			<control type="group">
				<posx>44</posx>
				<posy>9</posy>
				<control type="image">
					<description>Threadst</description>
					<visible>StringCompare(Window.Property(mode),threads)</visible>
					<posx>0</posx>
					<posy>0</posy>
					<width>40</width>
					<height>40</height>
					<texture>forum-browser-sequel-threads.png</texture>
					<colordiffuse>$INFO[Window(10000).Property(ForumBrowser_header_text_color)]</colordiffuse>
				</control>
				<control type="image">
					<description>Subscriptions</description>
					<visible>StringCompare(Window.Property(mode),subscriptions)</visible>
					<posx>0</posx>
					<posy>0</posy>
					<width>40</width>
					<height>40</height>
					<texture>forum-browser-sequel-subscriptions.png</texture>
					<colordiffuse>$INFO[Window(10000).Property(ForumBrowser_header_text_color)]</colordiffuse>
				</control>
				<control type="image">
					<description>Search Icon - Attribution: Alex S. Lakas, from The Noun Project</description>
					<visible>StringCompare(Window.Property(mode),search)</visible>
					<posx>0</posx>
					<posy>0</posy>
					<width>40</width>
					<height>40</height>
					<texture>forum-browser-sequel-search_icon.png</texture>
					<colordiffuse>$INFO[Window(10000).Property(ForumBrowser_header_text_color)]</colordiffuse>
				</control>
			</control>
			
			<control type="label" id="103">
				<description>textarea</description>
				<posx>20</posx>
				<posy>13</posy>
				<width>100</width>
				<height>40</height>
				<font>ForumBrowser-font13</font>
				<visible>false</visible>
				<textcolor>$INFO[Window(10000).Property(ForumBrowser_header_text_color)]</textcolor>
				<aligny>center</aligny>
				<align>center</align>
				<label>[B]$ADDON[script.forum.browser 32912][/B]</label>
				<wrapmultiline>true</wrapmultiline>
			</control>
			<control type="label" id="104">
				<description>Topic</description>
				<posx>120</posx>
				<posy>5</posy>
				<width>1040</width>
				<height>60</height>
				<font>ForumBrowser-font13</font>
				<textcolor>$INFO[Window(10000).Property(ForumBrowser_header_text_color)]</textcolor>
				<aligny>center</aligny>
				<align>center</align>
				<wrapmultiline>true</wrapmultiline>
			</control>
			
			<control type="group">
				<posx>1196</posx>
				<posy>9</posy>
				<control type="label" id="160">
					<description>Login Error</description>
					<posx>0</posx>
					<posy>4</posy>
					<width>400</width>
					<height>10</height>
					<font>ForumBrowser-font10</font>
					<textcolor>FF000000</textcolor>
					<aligny>top</aligny>
					<align>right</align>
				</control>
				<control type="group">
					<visible>!Control.IsVisible(106)</visible>
					<control type="image">
						<posx>0</posx>
						<posy>0</posy>
						<width>40</width>
						<height>40</height>
						<texture>forum-browser-sequel-white_circle.png</texture>
						<colordiffuse>$INFO[Window(10000).Property(ForumBrowser_header_text_color)]</colordiffuse>
					</control>
					<control type="image" id="111">
						<description>Logged In</description>
						<posx>2</posx>
						<posy>2</posy>
						<width>36</width>
						<height>36</height>
						<texture>forum-browser-sequel-logged_in.png</texture>
						<colordiffuse>FF555555</colordiffuse>
					</control>
				</control>
				<control type="group">
					<description>Loading</description>
					<posx>4</posx>
					<posy>4</posy>
					<visible>Control.isVisible(106)</visible>
					<control type="image">
						<description>Loading</description>
						<posx>-4</posx>
						<posy>-4</posy>
						<width>40</width>
						<height>40</height>
						<texture>../../Default/media/forum-browser-loading-bg.png</texture>
					</control>
					<control type="image">
						<description>Loading</description>
						<posx>0</posx>
						<posy>0</posy>
						<width>32</width>
						<height>32</height>
						<texture>../../Default/media/forum-browser-loading.gif</texture>
					</control>
				</control>
			</control>
				
			<control type="button" id="110">
				<textoffsetx>0</textoffsetx>
				<description>Close Button</description>
				<posx>1230</posx>
				<posy>15</posy>
				<width>28</width>
				<height>28</height>
				<texturefocus>forum-browser-close-button-focus.png</texturefocus>
				<texturenofocus>forum-browser-close-button.png</texturenofocus>
				<visible>system.getbool(input.enablemouse)</visible>
				<onclick>PreviousMenu</onclick>
			</control>
		</control>
				
		<control type="group">
			<posx>0</posx>
			<posy>0</posy>
			<!-- ** Required ** Do not change <id> or <type> -->
			<control type="fixedlist" id="120">
				<focusposition>2</focusposition>
				<posx>0</posx>
				<posy>90</posy>
				<width>1280</width>
				<height>690</height>
				<onleft>188</onleft>
				<onright>201</onright>
				<onup>120</onup>
				<ondown>120</ondown>
				<viewtype label="535">list</viewtype>
				<pagecontrol>121</pagecontrol>
				<scrolltime>200</scrolltime>
				<itemlayout height="100">
					<control type="image">
						<posx>0</posx>
						<posy>0</posy>
						<width>1280</width>
						<height>35</height>
						<texture>forum-browser-sequel-white_square.png</texture>
						<colordiffuse>40808080</colordiffuse>
					</control>
					<control type="image">
						<posx>0</posx>
						<posy>99</posy>
						<width>1280</width>
						<height>1</height>
						<texture>forum-browser-sequel-white_square.png</texture>
						<colordiffuse>$INFO[Window(10000).Property(ForumBrowser_window_colors_fore_THREAD)]</colordiffuse>
					</control>
					<control type="image">
						<posx>0</posx>
						<posy>-1</posy>
						<width>1280</width>
						<height>1</height>
						<texture>forum-browser-sequel-white_square.png</texture>
						<colordiffuse>$INFO[Window(10000).Property(ForumBrowser_window_colors_fore_THREAD)]</colordiffuse>
					</control>
					
					<control type="group">
						<description>Icons</description>
						<posx>20</posx>
						<posy>2</posy>
						<control type="image">
							<posx>0</posx>
							<posy>0</posy>
							<width>28</width>
							<height>34</height>
							<texture>../../Default/media/forum-browser-sticky.png</texture>
							<visible>StringCompare(ListItem.Genre,sticky)</visible>
						</control>
						<control type="image">
							<posx>0</posx>
							<posy>0</posy>
							<width>28</width>
							<height>34</height>
							<texture>../../Default/media/forum-browser-thread.png</texture>
							<visible>StringCompare(ListItem.Genre,is_forum)</visible>
						</control>
						<control type="image">
							<posx>0</posx>
							<posy>40</posy>
							<width>28</width>
							<height>28</height>
							<texture>$INFO[ListItem.Property(avatar)]</texture>
						</control>
					</control>
					
					<control type="group">
						<posx>58</posx>
						<posy>2</posy>
						<control type="label">
							<posx>0</posx>
							<posy>0</posy>
							<width>1222</width>
							<height>34</height>
							<font>ForumBrowser-font13</font>
							<aligny>center</aligny>
							<textcolor>$INFO[Window(10000).Property(ForumBrowser_window_colors_fore_THREAD)]</textcolor>
							<align>left</align>
							<info>ListItem.Label2</info>
							<visible> StringCompare(ListItem.property(unread),)</visible>
						</control>
						<control type="label">
							<posx>0</posx>
							<posy>0</posy>
							<width>1222</width>
							<height>34</height>
							<font>ForumBrowser-font13</font>
							<aligny>center</aligny>
							<textcolor>$INFO[Window(10000).Property(ForumBrowser_window_colors_fore_THREAD)]</textcolor>
							<align>left</align>
							<label>[B]$INFO[ListItem.Label2][/B]</label>
							<visible>StringCompare(ListItem.property(unread),unread)</visible>
						</control>
					</control>
					
					<control type="group">
						<posx>58</posx>
						<posy>29</posy>
						<control type="label">
							<posx>0</posx>
							<posy>0</posy>
							<width>300</width>
							<height>38</height>
							<font>ForumBrowser-font12</font>
							<aligny>center</aligny>
							<textcolor>$INFO[Window(10000).Property(ForumBrowser_window_colors_fore_THREAD)]</textcolor>
							<align>left</align>
							<label>$ADDON[script.forum.browser 32526] $INFO[ListItem.Label]</label>
							<visible>StringCompare(ListItem.Director,)</visible>
						</control>
						<control type="label">
							<posx>0</posx>
							<posy>0</posy>
							<width>300</width>
							<height>38</height>
							<font>ForumBrowser-font12</font>
							<aligny>center</aligny>
							<textcolor>FF008000</textcolor>
							<align>left</align>
							<label>$ADDON[script.forum.browser 32526] $INFO[ListItem.Label]</label>
							<visible>StringCompare(ListItem.Director,me)</visible>
						</control>
						<control type="label">
							<posx>320</posx>
							<posy>0</posy>
							<width>650</width>
							<height>38</height>
							<font>ForumBrowser-font12</font>
							<aligny>center</aligny>
							<textcolor>$INFO[Window(10000).Property(ForumBrowser_window_colors_fore_THREAD)]</textcolor>
							<align>left</align>
							<label>$ADDON[script.forum.browser 32162] $INFO[ListItem.Property(lastposter)] $INFO[ListItem.Property(last_reply_time),(,)]</label>
							<visible>!StringCompare(ListItem.Property(lastposter),)</visible>
						</control>
						<control type="group">
							<posx>990</posx>
							<posy>0</posy>
							<control type="image">
								<description>Replies</description>
								<posx>0</posx>
								<posy>10</posy>
								<width>16</width>
								<height>16</height>
								<texture>forum-browser-sequel-reply.png</texture>
								<colordiffuse>$INFO[Window(10000).Property(ForumBrowser_window_colors_fore_THREAD)]</colordiffuse>
							</control>
							<control type="label">
								<posx>25</posx>
								<posy>0</posy>
								<width>300</width>
								<height>38</height>
								<font>ForumBrowser-font12</font>
								<aligny>center</aligny>
								<textcolor>$INFO[Window(10000).Property(ForumBrowser_window_colors_fore_THREAD)]</textcolor>
								<align>left</align>
								<label>$INFO[ListItem.Property(replies)]</label>
							</control>
							<visible>!StringCompare(ListItem.Property(replies),)</visible>
						</control>
						<control type="group">
							<posx>1100</posx>
							<posy>0</posy>
							<control type="image">
								<description>Views - Attribution: Michael Rowe, from The Noun Project</description>
								<posx>0</posx>
								<posy>10</posy>
								<width>20</width>
								<height>20</height>
								<texture>forum-browser-sequel-eye.png</texture>
								<colordiffuse>$INFO[Window(10000).Property(ForumBrowser_window_colors_fore_THREAD)]</colordiffuse>
							</control>
							<control type="label">
								<posx>27</posx>
								<posy>0</posy>
								<width>300</width>
								<height>38</height>
								<font>ForumBrowser-font12</font>
								<aligny>center</aligny>
								<textcolor>$INFO[Window(10000).Property(ForumBrowser_window_colors_fore_THREAD)]</textcolor>
								<align>left</align>
								<label>$INFO[ListItem.Property(views)]</label>
							</control>
							<visible>!StringCompare(ListItem.Property(views),)</visible>
						</control>
					</control>
					
					<control type="group">
						<posx>58</posx>
						<posy>60</posy>
						<control type="textbox">
							<visible>!StringCompare(Window(10000).Property(ForumBrowser_window_colors_dark_THREAD),1)</visible>
							<posx>0</posx>
							<posy>0</posy>
							<width>1202</width>
							<height>35</height>
							<font>ForumBrowser-font10</font>
							<textcolor>FF444444</textcolor>
							<align>left</align>
							<label>$INFO[ListItem.Property(preview)]</label>
						</control>
						<control type="textbox">
							<visible>StringCompare(Window(10000).Property(ForumBrowser_window_colors_dark_THREAD),1)</visible>
							<posx>0</posx>
							<posy>0</posy>
							<width>1202</width>
							<height>35</height>
							<font>ForumBrowser-font10</font>
							<textcolor>FFCCCCCC</textcolor>
							<align>left</align>
							<label>$INFO[ListItem.Property(preview)]</label>
						</control>
					</control>
				</itemlayout>
				
				
				<focusedlayout height="100">
					<control type="image">
						<posx>0</posx>
						<posy>0</posy>
						<width>1280</width>
						<height>100</height>
						<texture>forum-browser-sequel-white_square.png</texture>
						<visible>Control.HasFocus(120)</visible>
						<colordiffuse>80808080</colordiffuse>
					</control>
					<control type="image">
						<posx>0</posx>
						<posy>0</posy>
						<width>1280</width>
						<height>100</height>
						<texture>forum-browser-sequel-white_square.png</texture>
						<visible>!Control.HasFocus(120)</visible>
						<colordiffuse>40808080</colordiffuse>
					</control>
					<control type="image">
						<posx>0</posx>
						<posy>0</posy>
						<width>1280</width>
						<height>35</height>
						<texture>forum-browser-sequel-white_square.png</texture>
						<colordiffuse>40808080</colordiffuse>
					</control>
					<control type="image">
						<posx>0</posx>
						<posy>99</posy>
						<width>1280</width>
						<height>1</height>
						<texture>forum-browser-sequel-white_square.png</texture>
						<colordiffuse>$INFO[Window(10000).Property(ForumBrowser_window_colors_fore_THREAD)]</colordiffuse>
					</control>
					<control type="image">
						<posx>0</posx>
						<posy>-1</posy>
						<width>1280</width>
						<height>1</height>
						<texture>forum-browser-sequel-white_square.png</texture>
						<colordiffuse>$INFO[Window(10000).Property(ForumBrowser_window_colors_fore_THREAD)]</colordiffuse>
					</control>
					
					<control type="group">
						<description>Icons</description>
						<posx>20</posx>
						<posy>2</posy>
						<control type="image">
							<posx>0</posx>
							<posy>0</posy>
							<width>28</width>
							<height>34</height>
							<texture>../../Default/media/forum-browser-sticky.png</texture>
							<visible>StringCompare(ListItem.Genre,sticky)</visible>
						</control>
						<control type="image">
							<posx>0</posx>
							<posy>0</posy>
							<width>28</width>
							<height>34</height>
							<texture>../../Default/media/forum-browser-thread.png</texture>
							<visible>StringCompare(ListItem.Genre,is_forum)</visible>
						</control>
						<control type="image">
							<posx>0</posx>
							<posy>40</posy>
							<width>28</width>
							<height>28</height>
							<texture>$INFO[ListItem.Property(avatar)]</texture>
						</control>
					</control>
					
					<control type="group">
						<posx>58</posx>
						<posy>2</posy>
						<control type="label">
							<posx>0</posx>
							<posy>0</posy>
							<width>1222</width>
							<height>34</height>
							<font>ForumBrowser-font13</font>
							<aligny>center</aligny>
							<textcolor>$INFO[Window(10000).Property(ForumBrowser_window_colors_fore_THREAD)]</textcolor>
							<align>left</align>
							<info>ListItem.Label2</info>
							<visible> StringCompare(ListItem.property(unread),)</visible>
						</control>
						<control type="label">
							<posx>0</posx>
							<posy>0</posy>
							<width>1222</width>
							<height>34</height>
							<font>ForumBrowser-font13</font>
							<aligny>center</aligny>
							<textcolor>$INFO[Window(10000).Property(ForumBrowser_window_colors_fore_THREAD)]</textcolor>
							<align>left</align>
							<label>[B]$INFO[ListItem.Label2][/B]</label>
							<visible>StringCompare(ListItem.property(unread),unread)</visible>
						</control>
					</control>
					
					<control type="group">
						<posx>58</posx>
						<posy>29</posy>
						<control type="label">
							<posx>0</posx>
							<posy>0</posy>
							<width>300</width>
							<height>38</height>
							<font>ForumBrowser-font12</font>
							<aligny>center</aligny>
							<textcolor>$INFO[Window(10000).Property(ForumBrowser_window_colors_fore_THREAD)]</textcolor>
							<align>left</align>
							<label>$ADDON[script.forum.browser 32526] $INFO[ListItem.Label]</label>
							<visible>StringCompare(ListItem.Director,)</visible>
						</control>
						<control type="label">
							<posx>0</posx>
							<posy>0</posy>
							<width>300</width>
							<height>38</height>
							<font>ForumBrowser-font12</font>
							<aligny>center</aligny>
							<textcolor>FF008000</textcolor>
							<align>left</align>
							<label>$ADDON[script.forum.browser 32526] $INFO[ListItem.Label]</label>
							<visible>StringCompare(ListItem.Director,me)</visible>
						</control>
						<control type="label">
							<posx>320</posx>
							<posy>0</posy>
							<width>650</width>
							<height>38</height>
							<font>ForumBrowser-font12</font>
							<aligny>center</aligny>
							<textcolor>$INFO[Window(10000).Property(ForumBrowser_window_colors_fore_THREAD)]</textcolor>
							<align>left</align>
							<label>$ADDON[script.forum.browser 32162] $INFO[ListItem.Property(lastposter)] $INFO[ListItem.Property(last_reply_time),(,)]</label>
							<visible>!StringCompare(ListItem.Property(lastposter),)</visible>
						</control>
						<control type="group">
							<posx>990</posx>
							<posy>0</posy>
							<control type="image">
								<description>Replies</description>
								<posx>0</posx>
								<posy>10</posy>
								<width>16</width>
								<height>16</height>
								<texture>forum-browser-sequel-reply.png</texture>
								<colordiffuse>$INFO[Window(10000).Property(ForumBrowser_window_colors_fore_THREAD)]</colordiffuse>
							</control>
							<control type="label">
								<posx>25</posx>
								<posy>0</posy>
								<width>300</width>
								<height>38</height>
								<font>ForumBrowser-font12</font>
								<aligny>center</aligny>
								<textcolor>$INFO[Window(10000).Property(ForumBrowser_window_colors_fore_THREAD)]</textcolor>
								<align>left</align>
								<label>$INFO[ListItem.Property(replies)]</label>
							</control>
							<visible>!StringCompare(ListItem.Property(replies),)</visible>
						</control>
						<control type="group">
							<posx>1100</posx>
							<posy>0</posy>
							<control type="image">
								<description>Views - Attribution: Michael Rowe, from The Noun Project</description>
								<posx>0</posx>
								<posy>10</posy>
								<width>20</width>
								<height>20</height>
								<texture>forum-browser-sequel-eye.png</texture>
								<colordiffuse>$INFO[Window(10000).Property(ForumBrowser_window_colors_fore_THREAD)]</colordiffuse>
							</control>
							<control type="label">
								<posx>27</posx>
								<posy>0</posy>
								<width>300</width>
								<height>38</height>
								<font>ForumBrowser-font12</font>
								<aligny>center</aligny>
								<textcolor>$INFO[Window(10000).Property(ForumBrowser_window_colors_fore_THREAD)]</textcolor>
								<align>left</align>
								<label>$INFO[ListItem.Property(views)]</label>
							</control>
							<visible>!StringCompare(ListItem.Property(views),)</visible>
						</control>
					</control>
					
					<control type="group">
						<posx>58</posx>
						<posy>60</posy>
						<control type="textbox">
							<visible>!StringCompare(Window(10000).Property(ForumBrowser_window_colors_dark_THREAD),1)</visible>
							<posx>0</posx>
							<posy>0</posy>
							<width>1202</width>
							<height>35</height>
							<font>ForumBrowser-font10</font>
							<textcolor>FF444444</textcolor>
							<align>left</align>
							<label>$INFO[ListItem.Property(preview)]</label>
						</control>
						<control type="textbox">
							<visible>StringCompare(Window(10000).Property(ForumBrowser_window_colors_dark_THREAD),1)</visible>
							<posx>0</posx>
							<posy>0</posy>
							<width>1202</width>
							<height>35</height>
							<font>ForumBrowser-font10</font>
							<textcolor>FFCCCCCC</textcolor>
							<align>left</align>
							<label>$INFO[ListItem.Property(preview)]</label>
						</control>
					</control>
				</focusedlayout>
			</control>
			<control type="group">
				<posx>1276</posx>
				<posy>90</posy>
				<control type="scrollbar" id="121">
					<description>scroll bar indicator for lists</description>
					<posx>0</posx>
					<posy>0</posy>
					<width>4</width>
					<height>690</height>
					<texturesliderbackground>-</texturesliderbackground>
					<texturesliderbar border="1">forum-browser-sequel-white_square.png</texturesliderbar>
					<texturesliderbarfocus border="1">forum-browser-sequel-white_square.png</texturesliderbarfocus>
					<textureslidernib>-</textureslidernib>
					<textureslidernibfocus>-</textureslidernibfocus>
					<orientation>vertical</orientation>
					<showonepage>false</showonepage>
					<colordiffuse>BB808080</colordiffuse>
					<visible>Control.IsVisible(120)</visible>
				</control>
			</control>
		</control>
		<control type="group">
			<visible>Player.Playing + Player.HasVideo + !StringCompare(Window(10000).Property(ForumBrowser_hidePNP),1) + StringCompare(Window(10000).Property(ForumBrowser_window_slide_up_THREAD),1)</visible>
			<posx>640</posx>
			<posy>420</posy>
			<control type="image">
				<posx>-2</posx>
				<posy>-2</posy>
				<width>642</width>
				<height>362</height>
				<texture>forum-browser-sequel-white_square.png</texture>
				<colordiffuse>FF000000</colordiffuse>
			</control>
			<control type="videowindow">
				<description>PIP</description>
				<posx>0</posx>
				<posy>0</posy>
				<width>640</width>
				<height>360</height>
			</control>
		</control>
	</controls>
</window>
