<window>
	<defaultcontrol>100</defaultcontrol>
	<coordinates>
		<system>1</system>
		<posx>0</posx>
		<posy>0</posy>
	</coordinates>
	<controls>
		<control type="image">
			<description>Help</description>
			<posx>0</posx>
			<posy>0</posy>
			<width>1280</width>
			<height>720</height>
			<texture>webviewer-control-help.png</texture>
			<visible>true</visible>
		</control>
		<control type="button" id="100">
			<description>Box Focus Close</description>
			<posx>0</posx>
			<posy>0</posy>
			<width>1280</width>
			<height>720</height>
			<texturefocus>webviewer-transparent.png</texturefocus>
			<texturenofocus>webviewer-transparent.png</texturenofocus>
			<onclick>PreviousMenu</onclick>
		</control>
	</controls>
</window>
