<window>
	<defaultcontrol>112</defaultcontrol>
	<zorder>2</zorder>
	<coordinates>
		<system>1</system>
		<posx>0</posx>
		<posy>0</posy>
	</coordinates>
	<controls>
		<control type="group">
			<visible>!Control.IsVisible(115)</visible>
			<posx>240</posx>
			<posy>100</posy>
			<control type="image">
				<posx>-10</posx>
				<posy>-10</posy>
				<width>820</width>
				<height>472</height>
				<texture border="10">forum-browser-video-box-white.png</texture>
				<colordiffuse>AA000000</colordiffuse>
			</control>
			<control type="image">
				<description>Large Back</description>
				<posx>0</posx>
				<posy>0</posy>
				<width>800</width>
				<height>452</height>
				<texture border="10">forum-browser-video-box.png</texture>
				<colordiffuse>FF4488AA</colordiffuse>
				<visible>StringCompare(Window.Property(error),)</visible>
			</control>
			<control type="image">
				<description>Large Back</description>
				<posx>0</posx>
				<posy>0</posy>
				<width>800</width>
				<height>452</height>
				<texture border="10">forum-browser-video-box.png</texture>
				<colordiffuse>FFFF0000</colordiffuse>
				<visible>StringCompare(Window.Property(error),error)</visible>
			</control>
			<control type="image">
				<description>Large Back</description>
				<posx>0</posx>
				<posy>0</posy>
				<width>800</width>
				<height>452</height>
				<texture border="10">forum-browser-video-box.png</texture>
				<colordiffuse>FFFFFF00</colordiffuse>
				<visible>StringCompare(Window.Property(error),warning)</visible>
			</control>
			<control type="image">
				<description>Large Back</description>
				<posx>0</posx>
				<posy>0</posy>
				<width>800</width>
				<height>452</height>
				<texture border="10">forum-browser-video-box.png</texture>
				<colordiffuse>FF00FF00</colordiffuse>
				<visible>StringCompare(Window.Property(error),success)</visible>
			</control>
			<control type="image">
				<description>Smaller Back</description>
				<posx>10</posx>
				<posy>10</posy>
				<width>780</width>
				<height>432</height>
				<texture border="10">forum-browser-video-box-light.png</texture>
			</control>
			<control type="image">
				<posx>10</posx>
				<posy>10</posy>
				<width>780</width>
				<height>40</height>
				<texture border="10">forum-browser-video-box-header.png</texture>
			</control>

			<control type="label">
				<description>Caption</description>
				<posx>20</posx>
				<posy>10</posy>
				<width>760</width>
				<height>40</height>
				<font>ForumBrowser-font13</font>
				<textcolor>white</textcolor>
				<aligny>center</aligny>
				<align>left</align>
				<label>[B]$INFO[Window.Property(caption)][/B]</label>
			</control>
			
			<control type="textbox" id="122">
				<posx>20</posx>
				<posy>50</posy>
				<width>725</width>
				<height>329</height>
				<font>ForumBrowser-font13</font>
				<scroll>true</scroll>
				<textcolor>white</textcolor>
				<visible>true</visible>
				<pagecontrol>123</pagecontrol>
				<label>$INFO[Window.Property(message)]</label>
			</control>
			<control type="group" id="112">
				<control type="button" id="111">
					<description>Ok Button</description>
					<posx>10</posx>
					<posy>380</posy>
					<width>780</width>
					<height>38</height>
					<onleft>123</onleft>
					<onright>123</onright>
					<onup>123</onup>
					<ondown>123</ondown>
					<visible>StringCompare(Window.Property(hidebutton),)</visible>
					<font>font13</font>
					<align>center</align>
					<aligny>center</aligny>
					<label>$ADDON[script.forum.browser 32913]</label>
					<texturefocus border="10">forum-browser-video-select.png</texturefocus>
					<texturenofocus border="10">forum-browser-video-unselect-gray.png</texturenofocus>
					<textcolor>FF333333</textcolor>
					<disabledcolor>60000000</disabledcolor>
					<focusedcolor>white</focusedcolor>
					<onclick>PreviousMenu</onclick>
				</control>
				<control type="scrollbar" id="123">
					<description>Message Scrollbar</description>
					<posx>774</posx>
					<posy>50</posy>
					<width>4</width>
					<height>329</height>
					<onleft>111</onleft>
					<onright>111</onright>
					<onup>123</onup>
					<ondown>123</ondown>
					<texturesliderbackground>-</texturesliderbackground>
					<texturesliderbar>forum-browser-video-black.png</texturesliderbar>
					<texturesliderbarfocus>forum-browser-video-white.png</texturesliderbarfocus>
					<textureslidernib>-</textureslidernib>
					<textureslidernibfocus>-</textureslidernibfocus>
					<colordiffuse>FF4488AA</colordiffuse>
					<orientation>vertical</orientation>
					<showonepage>false</showonepage>
				</control>
			</control>
		</control>
		
		<control type="group" id="115">
			<visible>Player.Playing + Player.HasVideo + !StringCompare(Window(10000).Property(ForumBrowser_hidePNP),1)</visible>
			<posx>10</posx>
			<posy>20</posy>
			<control type="image">
				<posx>-5</posx>
				<posy>-5</posy>
				<width>310</width>
				<height>690</height>
				<texture border="10">forum-browser-video-box-white.png</texture>
				<colordiffuse>AA000000</colordiffuse>
			</control>
			<control type="image">
				<description>Large Back</description>
				<posx>0</posx>
				<posy>0</posy>
				<width>300</width>
				<height>680</height>
				<texture border="10">forum-browser-video-box.png</texture>
				<colordiffuse>FF4488AA</colordiffuse>
				<visible>StringCompare(Window.Property(error),)</visible>
			</control>
			<control type="image">
				<description>Large Back</description>
				<posx>0</posx>
				<posy>0</posy>
				<width>300</width>
				<height>680</height>
				<texture border="10">forum-browser-video-box.png</texture>
				<colordiffuse>FFFF0000</colordiffuse>
				<visible>StringCompare(Window.Property(error),error)</visible>
			</control>
			<control type="image">
				<description>Large Back</description>
				<posx>0</posx>
				<posy>0</posy>
				<width>300</width>
				<height>680</height>
				<texture border="10">forum-browser-video-box.png</texture>
				<colordiffuse>FFFFFF00</colordiffuse>
				<visible>StringCompare(Window.Property(error),warning)</visible>
			</control>
			<control type="image">
				<description>Large Back</description>
				<posx>0</posx>
				<posy>0</posy>
				<width>300</width>
				<height>680</height>
				<texture border="10">forum-browser-video-box.png</texture>
				<colordiffuse>FF00FF00</colordiffuse>
				<visible>StringCompare(Window.Property(error),success)</visible>
			</control>
			<control type="image">
				<description>Smaller Back</description>
				<posx>10</posx>
				<posy>10</posy>
				<width>280</width>
				<height>660</height>
				<texture border="10">forum-browser-video-box-light.png</texture>
			</control>
			<control type="image">
				<posx>10</posx>
				<posy>10</posy>
				<width>280</width>
				<height>40</height>
				<texture border="10">forum-browser-video-box-header.png</texture>
			</control>

			<control type="label">
				<description>Caption</description>
				<posx>20</posx>
				<posy>10</posy>
				<width>260</width>
				<height>40</height>
				<font>ForumBrowser-font13</font>
				<textcolor>white</textcolor>
				<aligny>center</aligny>
				<align>left</align>
				<label>[B]$INFO[Window.Property(caption)][/B]</label>
			</control>
			
			<control type="textbox" id="122">
				<posx>20</posx>
				<posy>50</posy>
				<width>260</width>
				<height>570</height>
				<font>ForumBrowser-font13</font>
				<scroll>true</scroll>
				<textcolor>white</textcolor>
				<visible>true</visible>
				<pagecontrol>123</pagecontrol>
				<label>$INFO[Window.Property(message)]</label>
			</control>
			<control type="group" id="112">
				<control type="button" id="111">
					<description>Ok Button</description>
					<posx>10</posx>
					<posy>620</posy>
					<width>280</width>
					<height>38</height>
					<onleft>123</onleft>
					<onright>123</onright>
					<onup>123</onup>
					<ondown>123</ondown>
					<visible>StringCompare(Window.Property(hidebutton),)</visible>
					<font>font13</font>
					<align>center</align>
					<aligny>center</aligny>
					<label>$ADDON[script.forum.browser 32913]</label>
					<texturefocus border="10">forum-browser-video-select.png</texturefocus>
					<texturenofocus border="10">forum-browser-video-unselect-gray.png</texturenofocus>
					<textcolor>FF333333</textcolor>
					<disabledcolor>60000000</disabledcolor>
					<focusedcolor>white</focusedcolor>
					<onclick>PreviousMenu</onclick>
				</control>
				<control type="scrollbar" id="123">
					<description>Message Scrollbar</description>
					<posx>6</posx>
					<posy>50</posy>
					<width>4</width>
					<height>570</height>
					<onleft>111</onleft>
					<onright>111</onright>
					<onup>123</onup>
					<ondown>123</ondown>
					<texturesliderbackground>-</texturesliderbackground>
					<texturesliderbar>forum-browser-video-black.png</texturesliderbar>
					<texturesliderbarfocus>forum-browser-video-white.png</texturesliderbarfocus>
					<textureslidernib>-</textureslidernib>
					<textureslidernibfocus>-</textureslidernibfocus>
					<colordiffuse>FF4488AA</colordiffuse>
					<orientation>vertical</orientation>
					<showonepage>false</showonepage>
				</control>
			</control>
		</control>

	</controls>
</window>
