<window>
	<defaultcontrol always="true">250</defaultcontrol>
	<zorder>1</zorder>
	<type>dialog</type>
	<coordinates>
		<system>1</system>
		<posx>0</posx>
		<posy>0</posy>
	</coordinates>
	<controls>
		<control type="image">
			<posx>0</posx>
			<posy>0</posy>
			<width>640</width>
			<height>720</height>
			<texture>forum-browser-sequel-white_square.png</texture>
			<colordiffuse>EE404040</colordiffuse>
		</control>
		<control type="image">
			<posx>0</posx>
			<posy>0</posy>
			<width>687</width>
			<height>720</height>
			<texture border="5,5,51,5">forum-browser-sequel-left_menu_bg.png</texture>
		</control>
		<control type="image">
			<posx>0</posx>
			<posy>0</posy>
			<width>640</width>
			<height>50</height>
			<texture>forum-browser-sequel-white_square.png</texture>
			<colordiffuse>60000000</colordiffuse>
		</control>
		<control type="label" id="300">
			<posx>0</posx>
			<posy>15</posy>
			<width>640</width>
			<height>30</height>
			<font>ForumBrowser-font13</font>
			<aligny>center</aligny>
			<textcolor>FFFFFFFF</textcolor>
			<align>center</align>
		</control>
		
		<control type="group" id="260">
			<posx>650</posx>
			<posy>20</posy>
			<control type="image">
				<posx>0</posx>
				<posy>0</posy>
				<width>610</width>
				<height>320</height>
				<texture>forum-browser-sequel-white_square.png</texture>
				<colordiffuse>FF808080</colordiffuse>
			</control>
			<control type="image">
				<posx>2</posx>
				<posy>2</posy>
				<width>606</width>
				<height>316</height>
				<texture>forum-browser-sequel-white_square.png</texture>
				<colordiffuse>FF000000</colordiffuse>
			</control>
			<control type="textbox" id="310">
				<posx>10</posx>
				<posy>10</posy>
				<width>590</width>
				<height>290</height>
				<font>ForumBrowser-font12</font>
				<textcolor>FFFFFFFF</textcolor>
				<info>Container(120).ListItem.Label2</info>
			</control>
		</control>
		
		<control type="group" id="250">
			<defaultcontrol>120</defaultcontrol>
			<posx>0</posx>
			<posy>0</posy>
			<control type='list' id="120">
				<posx>0</posx>
				<posy>50</posy>
				<width>640</width>
				<height>670</height>
				<onleft>120</onleft>
				<onright>120</onright>
				<onup>120</onup>
				<ondown>120</ondown>
				<!-- pagecontrol>121</pagecontrol -->
				<scrolltime>200</scrolltime>
				<itemlayout height="60">
					<control type="image">
						<posx>0</posx>
						<posy>60</posy>
						<width>640</width>
						<height>1</height>
						<texture>forum-browser-sequel-white_square.png</texture>
						<visible>StringCompare(ListItem.Property(SEPARATOR),SEPARATOR)</visible>
					</control>
					<control type="image">
						<posx>30</posx>
						<posy>6</posy>
						<width>48</width>
						<height>48</height>
						<texture>$INFO[ListItem.Thumb]</texture>
					</control>
					<control type="label">
						<posx>98</posx>
						<posy>0</posy>
						<width>522</width>
						<height>60</height>
						<font>ForumBrowser-font13</font>
						<aligny>center</aligny>
						<textcolor>FFFFFFFF</textcolor>
						<align>left</align>
						<info>ListItem.Label</info>
					</control>
				</itemlayout>
				<focusedlayout height="60">
					<control type="image">
						<posx>0</posx>
						<posy>0</posy>
						<width>640</width>
						<height>60</height>
						<texture>forum-browser-sequel-white_square.png</texture>
						<colordiffuse>$INFO[Window(10000).Property(ForumBrowser_selection_color_FORUM)]</colordiffuse>
					</control>
					<control type="image">
						<posx>0</posx>
						<posy>60</posy>
						<width>640</width>
						<height>1</height>
						<texture>forum-browser-sequel-white_square.png</texture>
						<visible>StringCompare(ListItem.Property(SEPARATOR),SEPARATOR)</visible>
					</control>
					<control type="image">
						<posx>30</posx>
						<posy>6</posy>
						<width>48</width>
						<height>48</height>
						<texture>$INFO[ListItem.Thumb]</texture>
					</control>
					<control type="label">
						<posx>98</posx>
						<posy>0</posy>
						<width>522</width>
						<height>60</height>
						<font>ForumBrowser-font13</font>
						<aligny>center</aligny>
						<textcolor>FFFFFFFF</textcolor>
						<align>left</align>
						<info>ListItem.Label</info>
					</control>
				</focusedlayout>
			</control>
		</control>
	</controls>
</window>
