<?xml version="1.0" encoding="UTF-8" standalone="yes"?>
<addon id="ruuk.addon.repository"
	name="ruuk's Addon Repo"
	version="2.0.0"
	provider-name="Rick Phillips (ruuk)">
	<extension point="xbmc.addon.metadata">
		<platform>all</platform>
		<summary lang="en">ruuk's Addon Repo</summary>
		<description lang="en">ruuk's XBMC addon repository for bleeding edge and likely buggy :) versions.</description>
	</extension>
	<extension point="xbmc.addon.repository"
		name="ruuk's addon repository">
		<info>https://raw.githubusercontent.com/ruuk/repository/master/beta/addons.xml</info>
		<checksum>https://raw.githubusercontent.com/ruuk/repository/master/beta/addons.xml.md5</checksum>
		<datadir zip="true">https://raw.githubusercontent.com/ruuk/repository/master/beta/</datadir>
	</extension>
</addon>
