<window>
	<defaultcontrol>120</defaultcontrol>
	<coordinates>
		<system>1</system>
		<posx>0</posx>
		<posy>0</posy>
	</coordinates>
	<controls>
		<control type="image">
			<posx>20</posx>
			<posy>20</posy>
			<width>1240</width>
			<height>680</height>
			<texture border="20">ShareSocial-Progress-Back.png</texture>
		</control>
		<control type="group">
			<posx>30</posx>
			<posy>40</posy>
      
			<control type="list" id="120">
				<posx>0</posx>
				<posy>0</posy>
				<width>610</width>
				<height>640</height>
				<onleft>120</onleft>
				<onright>259</onright>
				<onup>120</onup>
				<ondown>120</ondown>
				<!-- pagecontrol>121</pagecontrol -->
				<scrolltime>200</scrolltime>
				<itemlayout height="141">
					<control type="image">
						<posx>10</posx>
						<posy>0</posy>
						<width>600</width>
						<height>140</height>
						<texture>ShareSocial-Feed-WhiteSquare.png</texture>
						<colordiffuse>CCFFFFFF</colordiffuse>
					</control>
					<control type="image">
						<posx>12</posx>
						<posy>25</posy>
						<width>74</width>
						<height>113</height>
						<texture>ShareSocial-Feed-WhiteSquare.png</texture>
						<colordiffuse>FF888888</colordiffuse>
					</control>
					<control type="label">
						<posx>15</posx>
						<posy>3</posy>
						<width>600</width>
						<height>16</height>
						<font>font10</font>
						<aligny>center</aligny>
						<align>left</align>
						<info>ListItem.Label2</info>
						<textcolor>FF880000</textcolor>
					</control>
					<control type="label">
						<posx>600</posx>
						<posy>3</posy>
						<width>135</width>
						<height>16</height>
						<font>font10</font>
						<aligny>center</aligny>
						<align>right</align>
						<info>ListItem.Property(ago)</info>
						<textcolor>FF666666</textcolor>
					</control>
					<control type="image">
						<posx>15</posx>
						<posy>66</posy>
						<width>68</width>
						<height>68</height>
						<texture>ShareSocial-Feed-WhiteSquare.png</texture>
						<colordiffuse>FF000000</colordiffuse>
					</control>
					<control type="image">
						<posx>17</posx>
						<posy>68</posy>
						<width>64</width>
						<height>64</height>
						<texture>ShareSocial-Feed-WhiteSquare.png</texture>
						<colordiffuse>FFFFFFFF</colordiffuse>
					</control>
					<control type="image">
						<posx>17</posx>
						<posy>68</posy>
						<width>64</width>
						<height>64</height>
						<texture>$INFO[ListItem.Thumb]</texture>
						<aspectratio>scale</aspectratio>
					</control>
					<control type="image">
						<posx>15</posx>
						<posy>29</posy>
						<width>68</width>
						<height>36</height>
						<texture>ShareSocial-Feed-WhiteSquare.png</texture>
						<colordiffuse>FF000000</colordiffuse>
					</control>
					<control type="image">
						<posx>17</posx>
						<posy>31</posy>
						<width>32</width>
						<height>32</height>
						<texture>$INFO[ListItem.Property(feedicon)]</texture>
						<aspectratio>scale</aspectratio>
					</control>
					<control type="image">
						<posx>49</posx>
						<posy>31</posy>
						<width>32</width>
						<height>32</height>
						<texture>$INFO[ListItem.Property(usericon)]</texture>
						<aspectratio>scale</aspectratio>
					</control>
					<control type="textbox">
						<posx>92</posx>
						<posy>18</posy>
						<width>508</width>
						<height>114</height>
						<font>font10</font>
						<aligny>center</aligny>
						<textcolor>black</textcolor>
						<selectedcolor>green</selectedcolor>
						<align>left</align>
						<info>ListItem.Label</info>
						<visible>StringCompare(ListItem.Property(picture),)</visible>
					</control>
					<control type="image">
						<posx>92</posx>
						<posy>27</posy>
						<width>64</width>
						<height>64</height>
						<texture fallback="ShareSocial-Progress-QuestionMark.png">$INFO[ListItem.Property(picture)]</texture>
						<visible>!StringCompare(ListItem.Property(picture),)</visible>
					</control>
					<control type="textbox">
						<posx>166</posx>
						<posy>18</posy>
						<width>434</width>
						<height>114</height>
						<font>font10</font>
						<aligny>center</aligny>
						<textcolor>black</textcolor>
						<selectedcolor>green</selectedcolor>
						<align>left</align>
						<info>ListItem.Label</info>
						<visible>!StringCompare(ListItem.Property(picture),)</visible>
					</control>
				</itemlayout>
				<focusedlayout height="141">
					<control type="image">
						<posx>10</posx>
						<posy>0</posy>
						<width>600</width>
						<height>140</height>
						<texture>ShareSocial-Feed-WhiteSquare.png</texture>
					</control>
					<control type="image">
						<posx>12</posx>
						<posy>25</posy>
						<width>74</width>
						<height>113</height>
						<texture>ShareSocial-Feed-WhiteSquare.png</texture>
						<colordiffuse>FF888888</colordiffuse>
					</control>
					<control type="label">
						<posx>15</posx>
						<posy>3</posy>
						<width>600</width>
						<height>16</height>
						<font>font10</font>
						<aligny>center</aligny>
						<align>left</align>
						<info>ListItem.Label2</info>
						<textcolor>FF880000</textcolor>
					</control>
					<control type="label">
						<posx>600</posx>
						<posy>3</posy>
						<width>135</width>
						<height>16</height>
						<font>font10</font>
						<aligny>center</aligny>
						<align>right</align>
						<info>ListItem.Property(ago)</info>
						<textcolor>FF666666</textcolor>
					</control>
					<control type="image">
						<posx>15</posx>
						<posy>66</posy>
						<width>68</width>
						<height>68</height>
						<texture>ShareSocial-Feed-WhiteSquare.png</texture>
						<colordiffuse>FF000000</colordiffuse>
					</control>
					<control type="image">
						<posx>17</posx>
						<posy>68</posy>
						<width>64</width>
						<height>64</height>
						<texture>ShareSocial-Feed-WhiteSquare.png</texture>
						<colordiffuse>FFFFFFFF</colordiffuse>
					</control>
					<control type="image">
						<posx>17</posx>
						<posy>68</posy>
						<width>64</width>
						<height>64</height>
						<texture>$INFO[ListItem.Thumb]</texture>
						<aspectratio>scale</aspectratio>
					</control>
					<control type="image">
						<posx>15</posx>
						<posy>29</posy>
						<width>68</width>
						<height>36</height>
						<texture>ShareSocial-Feed-WhiteSquare.png</texture>
						<colordiffuse>FF000000</colordiffuse>
					</control>
					<control type="image">
						<posx>17</posx>
						<posy>31</posy>
						<width>32</width>
						<height>32</height>
						<texture>$INFO[ListItem.Property(feedicon)]</texture>
						<aspectratio>scale</aspectratio>
					</control>
					<control type="image">
						<posx>49</posx>
						<posy>31</posy>
						<width>32</width>
						<height>32</height>
						<texture>$INFO[ListItem.Property(usericon)]</texture>
						<aspectratio>scale</aspectratio>
					</control>
					<control type="textbox">
						<posx>92</posx>
						<posy>18</posy>
						<width>508</width>
						<height>114</height>
						<font>font10</font>
						<aligny>center</aligny>
						<textcolor>black</textcolor>
						<selectedcolor>green</selectedcolor>
						<align>left</align>
						<info>ListItem.Label</info>
						<visible>StringCompare(ListItem.Property(picture),)</visible>
					</control>
					<control type="image">
						<posx>92</posx>
						<posy>27</posy>
						<width>64</width>
						<height>64</height>
						<texture fallback="ShareSocial-Progress-QuestionMark.png">$INFO[ListItem.Property(picture)]</texture>
						<visible>!StringCompare(ListItem.Property(picture),)</visible>
					</control>
					<control type="textbox">
						<posx>166</posx>
						<posy>18</posy>
						<width>434</width>
						<height>114</height>
						<font>font10</font>
						<aligny>center</aligny>
						<textcolor>black</textcolor>
						<selectedcolor>green</selectedcolor>
						<align>left</align>
						<info>ListItem.Label</info>
						<visible>!StringCompare(ListItem.Property(picture),)</visible>
					</control>
				</focusedlayout>
			</control>
      
		</control>
		
		<control type="group">
			<posx>655</posx>
			<posy>40</posy>
			<control type="image">
				<posx>0</posx>
				<posy>0</posy>
				<width>585</width>
				<height>400</height>
				<colordiffuse>FF000000</colordiffuse>
				<texture>ShareSocial-Feed-WhiteSquare.png</texture>
			</control>
			<control type="image">
				<posx>8</posx>
				<posy>8</posy>
				<width>569</width>
				<height>384</height>
				<texture fallback="ShareSocial-Progress-QuestionMark.png">$INFO[Container(120).ListItem.Property(picture)]</texture>
				<bordertexture border="0">ShareSocial-Feed-WhiteSquare.png</bordertexture>
				<aspectratio>keep</aspectratio>
				<visible>!StringCompare(Container(120).ListItem.Property(picture),)</visible>
			</control>
		</control>
		
		<control type="group">
			<visible>!StringCompare(Container(120).ListItem.Property(picture),)</visible>
			<posx>655</posx>
			<posy>440</posy>
			<control type="image">
				<posx>0</posx>
				<posy>0</posy>
				<width>585</width>
				<height>240</height>
				<texture>ShareSocial-Feed-WhiteSquare.png</texture>
			</control>
			<control type="textbox">
				<posx>5</posx>
				<posy>5</posy>
				<width>565</width>
				<height>230</height>
				<font>font10</font>
				<aligny>center</aligny>
				<textcolor>black</textcolor>
				<align>left</align>
				<info>Container(120).ListItem.Property(comments)</info>
				<pagecontrol>259</pagecontrol>
			</control>
			<control type="scrollbar" id="259">
				<onleft>120</onleft>
				<onright>260</onright>
				<description>Media Menu Drop Down Scroll Bar</description>
				<posx>581</posx>
				<posy>5</posy>
				<width>3</width>
				<height>230</height>
				<visible>true</visible>
				<texturesliderbackground>-</texturesliderbackground>
				<texturesliderbar>ShareSocial-Feed-Scroll-NoFocus.png</texturesliderbar>
				<texturesliderbarfocus>ShareSocial-Feed-Scroll-Focus.png</texturesliderbarfocus>
				<orientation>vertical</orientation>
				<showonepage>false</showonepage>
			</control>
		</control>
		<control type="group">
			<visible>StringCompare(Container(120).ListItem.Property(picture),)</visible>
			<posx>655</posx>
			<posy>40</posy>
			<control type="image">
				<posx>0</posx>
				<posy>0</posy>
				<width>585</width>
				<height>640</height>
				<texture>ShareSocial-Feed-WhiteSquare.png</texture>
			</control>
			<control type="textbox">
				<posx>5</posx>
				<posy>5</posy>
				<width>565</width>
				<height>630</height>
				<font>font10</font>
				<aligny>center</aligny>
				<textcolor>black</textcolor>
				<align>left</align>
				<info>Container(120).ListItem.Property(comments)</info>
				<pagecontrol>260</pagecontrol>
			</control>
			<control type="scrollbar" id="260">
				<onleft>259</onleft>
				<onright>260</onright>
				<description>Media Menu Drop Down Scroll Bar</description>
				<posx>581</posx>
				<posy>5</posy>
				<width>3</width>
				<height>630</height>
				<visible>true</visible>
				<texturesliderbackground>-</texturesliderbackground>
				<texturesliderbar>ShareSocial-Feed-Scroll-NoFocus.png</texturesliderbar>
				<texturesliderbarfocus>ShareSocial-Feed-Scroll-Focus.png</texturesliderbarfocus>
				<orientation>vertical</orientation>
				<showonepage>false</showonepage>
			</control>
		</control>
	</controls>
</window>
