<window>
	<defaultcontrol always="true">119</defaultcontrol>
	<zorder>1</zorder>
	<type>dialog</type>
	<coordinates>
		<system>1</system>
		<posx>300</posx>
		<posy>50</posy>
		<origin x="20" y="50">Player.Playing + Player.HasVideo + !StringCompare(Window(10000).Property(ForumBrowser_hidePNP),1)</origin>
	</coordinates>
	<controls>
		<control type="group">
			<animation effect="fade" start="100" end="0" time="200">WindowClose</animation>
			<animation effect="fade" start="0" end="100" time="200">WindowOpen</animation>
			<visible>Control.IsVisible(115)</visible>
			<control type="image">
				<posx>-20</posx>
				<posy>-50</posy>
				<width>310</width>
				<height>720</height>
				<texture>forum-browser-video-white.png</texture>
				<colordiffuse>AA000000</colordiffuse>
			</control>
			<control type="image">
				<posx>290</posx>
				<posy>510</posy>
				<width>970</width>
				<height>160</height>
				<texture>forum-browser-video-white.png</texture>
				<colordiffuse>AA000000</colordiffuse>
			</control>
		</control>
		<control type="image">
			<posx>-10</posx>
			<posy>-10</posy>
			<width>700</width>
			<height>640</height>
			<texture border="10">forum-browser-video-box-white.png</texture>
			<colordiffuse>44000000</colordiffuse>
			<visible>!Control.IsVisible(115)</visible>
		</control>
		<control type="image">
			<posx>0</posx>
			<posy>0</posy>
			<width>680</width>
			<height>620</height>
			<texture border="10">forum-browser-video-box.png</texture>
			<colordiffuse>FF4488AA</colordiffuse>
			<visible>!Control.IsVisible(115)</visible>
		</control>
		<control type="image">
			<posx>10</posx>
			<posy>10</posy>
			<width>660</width>
			<height>600</height>
			<texture border="10">forum-browser-video-box-light.png</texture>
			<visible>!Control.IsVisible(115)</visible>
		</control>
		<control type="image">
			<posx>10</posx>
			<posy>10</posy>
			<width>660</width>
			<height>42</height>
			<texture border="10">forum-browser-video-box-header.png</texture>
			<visible>!Control.IsVisible(115)</visible>
		</control>
		<control type="image">
			<posx>-5</posx>
			<posy>-5</posy>
			<width>300</width>
			<height>630</height>
			<texture border="10">forum-browser-video-box-white.png</texture>
			<colordiffuse>44000000</colordiffuse>
			<visible>Control.IsVisible(115)</visible>
		</control>
		<control type="image" id="115">
			<posx>0</posx>
			<posy>0</posy>
			<width>290</width>
			<height>620</height>
			<texture border="10">forum-browser-video-box.png</texture>
			<colordiffuse>FF4488AA</colordiffuse>
			<visible>Player.Playing + Player.HasVideo + !StringCompare(Window(10000).Property(ForumBrowser_hidePNP),1)</visible>
		</control>
		<control type="image">
			<posx>10</posx>
			<posy>10</posy>
			<width>270</width>
			<height>600</height>
			<texture border="10">forum-browser-video-box-light.png</texture>
			<visible>Control.IsVisible(115)</visible>
		</control>
		<control type="image">
			<posx>10</posx>
			<posy>10</posy>
			<width>270</width>
			<height>42</height>
			<texture border="10">forum-browser-video-box-header.png</texture>
			<visible>Control.IsVisible(115)</visible>
		</control>
		<control type="label">
			<posx>10</posx>
			<posy>16</posy>
			<width>640</width>
			<height>30</height>
			<font>ForumBrowser-font13</font>
			<aligny>center</aligny>
			<textcolor>white</textcolor>
			<align>center</align>
			<label>[B]$INFO[Window.Property(caption)][/B]</label>
			<visible>!Control.IsVisible(115)</visible>
		</control>
		<control type="label">
			<posx>10</posx>
			<posy>16</posy>
			<width>250</width>
			<height>30</height>
			<font>ForumBrowser-font13</font>
			<aligny>center</aligny>
			<textcolor>white</textcolor>
			<align>center</align>
			<label>[B]$INFO[Window.Property(caption)][/B]</label>
			<visible>Control.IsVisible(115)</visible>
		</control>
		
		<control type="group" id="119">
			<control type='list' id="111">
				<posx>10</posx>
				<posy>60</posy>
				<width>660</width>
				<height>540</height>
				<scrolltime>200</scrolltime>
				<itemlayout height="38">
					<control type="label">
						<posx>20</posx>
						<posy>4</posy>
						<width>630</width>
						<height>30</height>
						<font>ForumBrowser-font13</font>
						<aligny>center</aligny>
						<textcolor>white</textcolor>
						<align>left</align>
						<info>ListItem.Label</info>
						<visible>!Control.IsVisible(115)</visible>
					</control>
					<control type="label">
						<posx>20</posx>
						<posy>4</posy>
						<width>240</width>
						<height>30</height>
						<font>ForumBrowser-font13</font>
						<aligny>center</aligny>
						<textcolor>white</textcolor>
						<align>left</align>
						<info>ListItem.Label</info>
						<visible>Control.IsVisible(115)</visible>
					</control>
				</itemlayout>
				<focusedlayout height="38">
					<control type="image">
						<posx>0</posx>
						<posy>0</posy>
						<width>660</width>
						<height>38</height>
						<texture border="10">forum-browser-video-select.png</texture>
						<visible>!Control.IsVisible(115)</visible>
					</control>
					<control type="image">
						<posx>0</posx>
						<posy>0</posy>
						<width>270</width>
						<height>38</height>
						<texture border="10">forum-browser-video-select.png</texture>
						<visible>Control.IsVisible(115)</visible>
					</control>
					<control type="label">
						<posx>20</posx>
						<posy>4</posy>
						<width>630</width>
						<height>30</height>
						<font>ForumBrowser-font13</font>
						<aligny>center</aligny>
						<textcolor>white</textcolor>
						<align>left</align>
						<info>ListItem.Label</info>
						<visible>!Control.IsVisible(115)</visible>
					</control>
					<control type="label">
						<posx>20</posx>
						<posy>4</posy>
						<width>240</width>
						<height>30</height>
						<font>ForumBrowser-font13</font>
						<aligny>center</aligny>
						<textcolor>white</textcolor>
						<align>left</align>
						<info>ListItem.Label</info>
						<visible>Control.IsVisible(115)</visible>
					</control>
				</focusedlayout>
			</control>
		</control>
	</controls>
</window>
