<?xml version="1.0" encoding="UTF-8" standalone="yes"?>
<addon id="service.xbmc.tts"
       name="XBMC TTS"
       version="0.0.5"
       provider-name="Rick Phillips (ruuk)">
  <requires>
    <import addon="xbmc.python" version="2.1.0"/>
  </requires>
  <extension point="xbmc.service" library="service.py" start="login"></extension>
  <extension point="xbmc.addon.metadata">
    <summary lang="en">Text to speech for XBMC</summary>
    <description lang="en">Text to speech for XBMC</description>
    <platform>all</platform>
    <license>GNU GENERAL PUBLIC LICENSE. Version 2, June 1991</license>
    <forum></forum>
    <source></source>
  </extension>
</addon>
