<?xml version="1.0" encoding="UTF-8" standalone="yes"?>
<addon id="script.bluray.com" name="Blu-ray.com" version="0.0.1" provider-name="Rick Phillips (ruuk)">
	<requires>
		<import addon="xbmc.python" version="2.1.0" />
		<import addon="script.module.requests" version="1.1.0"/>
		<import addon="script.module.beautifulsoup4" version="4.3.1" />
	</requires>
	<extension point="xbmc.python.script" library="lib/main.py">
		<provides>executable</provides>
	</extension>
	<extension point="xbmc.addon.metadata">
		<platform>all</platform>
		<summary lang="en">Blu-ray.com</summary>
		<description lang="en">Blu-ray.com</description>
		<license>GNU GENERAL PUBLIC LICENSE. Version 2, June 1991</license>
		<forum></forum>
		<source>http://github.com/ruuk/script.bluray.com</source>
	</extension>
</addon>