<window>
	<defaultcontrol always="true">111</defaultcontrol>
	<zorder>1</zorder>
	<type>dialog</type>
	<coordinates>
		<system>1</system>
		<posx>300</posx>
		<posy>50</posy>
		<origin x="40" y="50">Player.Playing + Player.HasVideo + !StringCompare(Window(10000).Property(ForumBrowser_hidePNP),1)</origin>
	</coordinates>
	<controls>
		<control type="image">
			<posx>-20</posx>
			<posy>-20</posy>
			<width>720</width>
			<height>660</height>
			<texture border="30">forum-browser-white-box.png</texture>
			<colordiffuse>AA000000</colordiffuse>
			<visible>!Control.IsVisible(115)</visible>
		</control>
		<control type="image">
			<posx>0</posx>
			<posy>0</posy>
			<width>680</width>
			<height>620</height>
			<texture border="30">forum-browser-black-box.png</texture>
			<visible>!Control.IsVisible(115)</visible>
		</control>
		<control type="image">
			<posx>10</posx>
			<posy>10</posy>
			<width>660</width>
			<height>42</height>
			<texture border="20">forum-browser-black-box.png</texture>
			<visible>!Control.IsVisible(115)</visible>
		</control>
		<control type="image">
			<posx>-20</posx>
			<posy>-20</posy>
			<width>550</width>
			<height>660</height>
			<texture border="30">forum-browser-white-box.png</texture>
			<colordiffuse>AA000000</colordiffuse>
			<visible>Control.IsVisible(115)</visible>
		</control>
		<control type="image" id="115">
			<posx>0</posx>
			<posy>0</posy>
			<width>510</width>
			<height>620</height>
			<texture border="30">forum-browser-black-box.png</texture>
			<visible>Player.Playing + Player.HasVideo + !StringCompare(Window(10000).Property(ForumBrowser_hidePNP),1)</visible>
		</control>
		<control type="image">
			<posx>10</posx>
			<posy>10</posy>
			<width>490</width>
			<height>42</height>
			<texture border="20">forum-browser-black-box.png</texture>
			<visible>Control.IsVisible(115)</visible>
		</control>
		<control type="label">
			<posx>10</posx>
			<posy>16</posy>
			<width>640</width>
			<height>30</height>
			<font>ForumBrowser-font13</font>
			<aligny>center</aligny>
			<textcolor>FFFFFFFF</textcolor>
			<align>center</align>
			<label>[B]$INFO[Window.Property(caption)][/B]</label>
			<visible>!Control.IsVisible(115)</visible>
		</control>
		<control type="label">
			<posx>10</posx>
			<posy>16</posy>
			<width>470</width>
			<height>30</height>
			<font>ForumBrowser-font13</font>
			<aligny>center</aligny>
			<textcolor>FFFFFFFF</textcolor>
			<align>center</align>
			<label>[B]$INFO[Window.Property(caption)][/B]</label>
			<visible>Control.IsVisible(115)</visible>
		</control>
		<control type='list' id="111">
			<posx>10</posx>
			<posy>60</posy>
			<width>660</width>
			<height>540</height>
			<scrolltime>200</scrolltime>
			<itemlayout height="38">
				<control type="label">
					<posx>20</posx>
					<posy>4</posy>
					<width>630</width>
					<height>30</height>
					<font>ForumBrowser-font13</font>
					<aligny>center</aligny>
					<textcolor>FFFFFFFF</textcolor>
					<align>left</align>
					<info>ListItem.Label</info>
					<visible>!Control.IsVisible(115)</visible>
				</control>
				<control type="label">
					<posx>20</posx>
					<posy>4</posy>
					<width>460</width>
					<height>30</height>
					<font>ForumBrowser-font13</font>
					<aligny>center</aligny>
					<textcolor>FFFFFFFF</textcolor>
					<align>left</align>
					<info>ListItem.Label</info>
					<visible>Control.IsVisible(115)</visible>
				</control>
			</itemlayout>
			<focusedlayout height="38">
				<control type="image">
					<posx>0</posx>
					<posy>-1</posy>
					<width>660</width>
					<height>40</height>
					<texture border="20">forum-browser-grey-boxr.png</texture>
					<visible>!Control.IsVisible(115)</visible>
				</control>
				<control type="image">
					<posx>0</posx>
					<posy>-1</posy>
					<width>490</width>
					<height>40</height>
					<texture border="20">forum-browser-grey-boxr.png</texture>
					<visible>Control.IsVisible(115)</visible>
				</control>
				<control type="label">
					<posx>20</posx>
					<posy>4</posy>
					<width>630</width>
					<height>30</height>
					<font>ForumBrowser-font13</font>
					<aligny>center</aligny>
					<textcolor>FFFFFFFF</textcolor>
					<align>left</align>
					<info>ListItem.Label</info>
					<visible>!Control.IsVisible(115)</visible>
				</control>
				<control type="label">
					<posx>20</posx>
					<posy>4</posy>
					<width>460</width>
					<height>30</height>
					<font>ForumBrowser-font13</font>
					<aligny>center</aligny>
					<textcolor>FFFFFFFF</textcolor>
					<align>left</align>
					<info>ListItem.Label</info>
					<visible>Control.IsVisible(115)</visible>
				</control>
			</focusedlayout>
		</control>
	</controls>
</window>
