<?xml version="1.0" encoding="UTF-8" standalone="yes"?>
<window>
	<defaultcontrol>200</defaultcontrol>
	<animation effect="slide" end="480,0" time="200">WindowOpen</animation>
	<animation effect="slide" start="480,0" end="0,0" time="200">WindowClose</animation>
	<coordinates>
		<system>1</system>
		<posx>-480</posx>
		<posy>0</posy>
	</coordinates>
	<controls>
		<control type="image">
			<posx>0</posx>
			<posy>0</posy>
			<width>480</width>
			<height>1080</height>
			<texture>script-bluray-com-white_square.png</texture>
			<colordiffuse>FF404040</colordiffuse>
		</control>

		<control type="group" id="200">
			<defaultcontrol>100</defaultcontrol>
			<posx>30</posx>
			<posy>20</posy>
			<control type="list" id="100">
				<posx>0</posx>
				<posy>0</posy>
				<width>420</width>
				<height>1040</height>
				<scrolltime>200</scrolltime>
				<itemlayout height="38">
					<control type="label">
						<posx>210</posx>
						<posy>0</posy>
						<width>420</width>
						<height>38</height>
						<font>font13</font>
						<aligny>center</aligny>
						<textcolor>FF808080</textcolor>
						<align>center</align>
						<label>$INFO[ListItem.Label]</label>
					</control>
				</itemlayout>
				<focusedlayout height="38">
					<control type="image">
						<posx>0</posx>
						<posy>2</posy>
						<width>420</width>
						<height>36</height>
						<texture>script-bluray-com-white_square.png</texture>
						<colordiffuse>FF3090FF</colordiffuse>
						<visible>Control.HasFocus(100)</visible>
					</control>
					<control type="label">
						<posx>210</posx>
						<posy>0</posy>
						<width>420</width>
						<height>38</height>
						<font>font13</font>
						<aligny>center</aligny>
						<textcolor>FFFFFFFF</textcolor>
						<align>center</align>
						<label>$INFO[ListItem.Label]</label>
						<visible>Control.HasFocus(100)</visible>
					</control>
					<control type="label">
						<posx>210</posx>
						<posy>0</posy>
						<width>420</width>
						<height>38</height>
						<font>font13</font>
						<aligny>center</aligny>
						<textcolor>FF3090FF</textcolor>
						<align>center</align>
						<label>$INFO[ListItem.Label]</label>
						<visible>!Control.HasFocus(100)</visible>
					</control>
				</focusedlayout>
			</control>
		</control>
	</controls>
</window>
