<?xml version="1.0" encoding="UTF-8" standalone="yes"?>
<addon id="script.library.xbmc.tts" name="XBMC TTS Enabler" version="0.0.1" provider-name="Rick Phillips (ruuk)">
	<requires>
		<import addon="xbmc.python" version="2.1.0" />
	</requires>
	<extension point="xbmc.python.library" library="main.py" />
	<extension point="xbmc.addon.metadata">
		<platform>all</platform>
		<summary lang="en">Handles enabling/disabling of XBMC TTS</summary>
		<description lang="en">Handles enabling/disabling of XBMC TTS</description>
		<license>GNU GENERAL PUBLIC LICENSE. Version 2, June 1991</license>
		<forum>http://forum.xbmc.org/showthread.php?tid=117199</forum>
		<source>https://github.com/ruuk/service.xbmc.tts</source>
		<website>http://ruuk.github.io/service.xbmc.tts</website>
	</extension>
</addon>