<?xml version="1.0" encoding="UTF-8" standalone="yes"?>
<addon id="script.module.oauth.helper"
       name="OAuth Helper"
       version="0.0.5"
       provider-name="Rick Phillips (ruuk)">
  <requires>
    <import addon="xbmc.python" version="2.1.0"/>
	<import addon="script.module.requests2" version="2.2.1"/>
  </requires>
  <extension point="xbmc.python.module" library="lib" />
  <extension point="xbmc.addon.metadata">
    <summary></summary>
    <description></description>
    <platform>all</platform>
    <license>GNU GENERAL PUBLIC LICENSE. Version 2, June 1991</license>
    <forum></forum>
    <source></source>
  </extension>
</addon>
