<keymap>
  <global>
    <keyboard>
      <f1>XBMC.RunScript(service.xbmc.tts,key.REPEAT)</f1>
      <f2>XBMC.RunScript(service.xbmc.tts,key.EXTRA)</f2>
      <f3>XBMC.RunScript(service.xbmc.tts,key.ITEM_EXTRA)</f3>
      <f4>XBMC.RunScript(service.xbmc.tts,key.STOP)</f4>
      <f6>XBMC.Addon.OpenSettings(service.xbmc.tts)</f6>
      <f12>XBMC.RunScript(special://home/addons/service.xbmc.tts/enabler.py)</f12>
      <plus mod="ctrl">XBMC.RunScript(service.xbmc.tts,key.VOL_UP)</plus>
      <minus mod="ctrl">XBMC.RunScript(service.xbmc.tts,key.VOL_DOWN)</minus>
      <equals mod="ctrl">XBMC.RunScript(service.xbmc.tts,key.VOL_UP)</equals>
      <numpadminus mod="ctrl">XBMC.RunScript(service.xbmc.tts,key.VOL_DOWN)</numpadminus>
      <numpadplus mod="ctrl">XBMC.RunScript(service.xbmc.tts,key.VOL_UP)</numpadplus>
    </keyboard>
  </global>
  <FullscreenVideo>
    <keyboard>
    </keyboard>
  </FullscreenVideo>
</keymap>
