<?xml version="1.0" encoding="UTF-8" standalone="yes"?>
<addon id="context.cinemavision" name="CinemaVision Launcher" version="0.0.3" provider-name="CinemaVision">
  <requires>
    <import addon="xbmc.python" version="2.20.0"/>
    <import addon="script.cinemavision" version="0.0.28"/>
  </requires>
  <extension point="kodi.context.item" library="addon.py">
    <item>
      <label>32000</label>
      <visible>Container.Content(movies)</visible>
    </item>
  </extension>
  <extension point="kodi.addon.metadata">
    <platform>all</platform>
    <summary lang="en">Run the CinemaVision experience from your video library.</summary>
    <description lang="en">Easily play your movies using the CinemaVision add-on! Launch directly into the CinemaVision theater experience from the context menu in your library.</description>
    <disclaimer lang="en">This work is licensed under a Creative Commons Attribution-ShareAlike 4.0 International License. Visit the website for details.</disclaimer>
    <license>Creative Commons Attribution-ShareAlike 4.0 International</license>
    <forum>http://www.cinemavision.tv/forums/</forum>
    <website>http://www.cinemavision.tv/</website>
    <source>https://github.com/CinemaVision/context.cinemavision</source>
  </extension>
</addon>
