<?xml version="1.0" encoding="utf-8" standalone="yes"?>
<window>
	<defaultcontrol>100</defaultcontrol>
	<animation effect="slide" end="0,70" time="200">WindowOpen</animation>
	<animation effect="slide" start="0,70" end="0,0" time="200">WindowClose</animation>
	<coordinates>
		<system>1</system>
		<posx>0</posx>
		<posy>-100</posy>
	</coordinates>
	<controls>
		<control type="image">
			<posx>0</posx>
			<posy>53</posy>
			<width>1280</width>
			<height>47</height>
			<texture>forum-browser-sequel-white_square.png</texture>
			<colordiffuse>DD000000</colordiffuse>
		</control>
		<control type="image">
			<posx>0</posx>
			<posy>0</posy>
			<width>1280</width>
			<height>100</height>
			<texture>forum-browser-sequel-menu_bg.png</texture>
		</control>
		<control type="slider" id="100">
		      <description>My first slider control</description>
		      <posx>500</posx>
		      <posy>74</posy>
		      <width>280</width>
		      <height>4</height>
		      <visible>true</visible>
		      <onup>100</onup>
		      <ondown>100</ondown>
		      <onleft>100</onleft>
		      <onright>100</onright>
		      <texturesliderbar border="2">forum-browser-sequel-slider_bar.png</texturesliderbar>
		      <textureslidernib>forum-browser-sequel-slider_nib.png</textureslidernib>
		      <textureslidernibfocus>forum-browser-sequel-slider_nib.png</textureslidernibfocus>
		</control>
		<control type="label" id="160">
			<posx>490</posx>
			<posy>65</posy>
			<width>400</width>
			<height>20</height>
			<font>ForumBrowser-font12</font>
			<textcolor>FFFFFFFF</textcolor>
			<aligny>center</aligny>
			<align>right</align>
			<label>[B]BACKGROUND IMAGE[/B]</label>
		</control>
		<control type="label" id="160">
			<posx>790</posx>
			<posy>65</posy>
			<width>400</width>
			<height>20</height>
			<font>ForumBrowser-font12</font>
			<textcolor>FFFFFFFF</textcolor>
			<aligny>center</aligny>
			<align>left</align>
			<label>[B]BACKGROUND COLOR[/B]</label>
		</control>
	</controls>
</window>
