<window>
	<defaultcontrol>119</defaultcontrol>
	<coordinates>
		<system>1</system>
		<posx>0</posx>
		<posy>0</posy>
	</coordinates>
	<controls>
		<control type="image">
			<posx>0</posx>
			<posy>0</posy>
			<width>1280</width>
			<height>720</height>
			<texture>forum-browser-video-black.png</texture>
		</control>
		
		<control type="image">
			<description>Forums List Background</description>
			<posx>10</posx>
			<posy>10</posy>
			<width>290</width>
			<height>540</height>
			<texture border="10">forum-browser-video-box.png</texture>
			<visible>Control.IsVisible(115)</visible>
		</control>
		
		<control type="image">
			<description>Forums List Background</description>
			<posx>10</posx>
			<posy>10</posy>
			<width>1260</width>
			<height>540</height>
			<texture border="10">forum-browser-video-box.png</texture>
			<visible>!Control.IsVisible(115)</visible>
		</control>
		
		<control type="image">
			<description>Menu Indicator Background</description>
			<posx>10</posx>
			<posy>10</posy>
			<width>290</width>
			<height>30</height>
			<texture border="10">forum-browser-video-box-header.png</texture>
			<visible>Control.IsVisible(115)</visible>
		</control>
		<control type="group">
			<visible>!Control.IsVisible(115)</visible>
			<control type="image">
				<description>Menu Indicator Background</description>
				<posx>10</posx>
				<posy>10</posy>
				<width>1260</width>
				<height>30</height>
				<texture border="10">forum-browser-video-box-header.png</texture>
			</control>
			<control type="label">
				<description>Page</description>
				<posx>20r</posx>
				<posy>10</posy>
				<width>150</width>
				<height>30</height>
				<font>ForumBrowser-font12</font>
				<textcolor>FF4488AA</textcolor>
				<aligny>center</aligny>
				<align>right</align>
				<label>$INFO[Control.GetLabel(105)]</label>
			</control>
		</control>
		
		<control type="group">
			<animation effect="fade" time="300" delay="200">Visible</animation>
			<animation effect="fade" time="300">Hidden</animation>
			<animation effect="slide" end="-252,0" time="500" condition="!ControlGroup(196).HasFocus(0)">Conditional</animation>
			<visible>!ControlGroup(196).HasFocus(0)</visible>
			<posx>270</posx>
			<posy>10</posy>
			<control type="image">
				<description>Left Arrow</description>
				<posx>0</posx>
				<posy>5</posy>
				<width>20</width>
				<height>20</height>
				<texture>forum-browser-video-left-arrow.png</texture>
				<colordiffuse>FF4488AA</colordiffuse>
			</control>
			<control type="label">
				<description>Menu Label</description>
				<posx>26</posx>
				<posy>0</posy>
				<width>266</width>
				<height>30</height>
				<font>ForumBrowser-font13</font>
				<textcolor>FF4488AA</textcolor>
				<aligny>center</aligny>
				<label>[B]$ADDON[script.forum.browser 32527][/B]</label>
			</control>
		</control>
		
		<control type="group">
			<animation effect="fade" time="300" delay="200">Visible</animation>
			<animation effect="fade" time="300">Hidden</animation>
			<animation effect="slide" end="260,0" time="500" condition="ControlGroup(196).HasFocus(0)">Conditional</animation>
			<visible>ControlGroup(196).HasFocus(0)</visible>
			<posx>0</posx>
			<posy>10</posy>
			<control type="image">
				<description>Right Arrow</description>
				<posx>6</posx>
				<posy>5</posy>
				<width>20</width>
				<height>20</height>
				<texture flipx="true">forum-browser-video-left-arrow.png</texture>
				<colordiffuse>FF4488AA</colordiffuse>
			</control>
			<control type="label">
				<description>Menu Label</description>
				<posx>0</posx>
				<posy>0</posy>
				<width>266</width>
				<height>30</height>
				<font>ForumBrowser-font13</font>
				<textcolor>FF4488AA</textcolor>
				<aligny>center</aligny>
				<align>right</align>
				<label>[B]$ADDON[script.forum.browser 32528][/B]</label>
			</control>
		</control>
		
		<control type="group">
			<posx>-1</posx>
			<posy>40</posy>
			<control type="scrollbar" id="121">
				<description>scroll bar indicator for lists</description>
				<posx>0</posx>
				<posy>0</posy>
				<width>11</width>
				<height>505</height>
				<onleft>120</onleft>
				<onright>120</onright>
				<texturesliderbackground></texturesliderbackground>
				<texturesliderbar>forum-browser-video-white.png</texturesliderbar>
				<texturesliderbarfocus>forum-browser-video-white.png</texturesliderbarfocus>
				<textureslidernib></textureslidernib>
				<textureslidernibfocus></textureslidernibfocus>
				<orientation>vertical</orientation>
				<showonepage>false</showonepage>
				<visible>Control.IsVisible(120)</visible>
				<colordiffuse>FF224466</colordiffuse>
			</control>
		</control>
		
		<control type="group" id="119">
			<control type="list" id="120">
				<posx>10</posx>
				<posy>40</posy>
				<width>1260</width>
				<height>510</height>
				<onleft>196</onleft>
				<onright>196</onright>
				<onup>120</onup>
				<ondown>120</ondown>
				<viewtype label="535">list</viewtype>
				<pagecontrol>121</pagecontrol>
				<scrolltime>200</scrolltime>
				<itemlayout height="38">
					<control type="image">
						<posx>8</posx>
						<posy>15</posy>
						<width>16</width>
						<height>16</height>
						<texture>forum-browser-video-white.png</texture>
						<colordiffuse>FF335577</colordiffuse>
						<visible>StringCompare(ListItem.Genre,sticky)</visible>
					</control>
					<control type="group">
						<visible>Control.IsVisible(115)</visible>
						<control type="label">
							<posx>10</posx>
							<posy>8</posy>
							<width>270</width>
							<height>38</height>
							<font>ForumBrowser-font13</font>
							<aligny>center</aligny>
							<textcolor>FFCCCCCC</textcolor>
							<align>left</align>
							<label>$INFO[ListItem.Label2]</label>
							<visible>StringCompare(ListItem.Property(unread),)</visible>
						</control>
						<control type="label">
							<posx>10</posx>
							<posy>8</posy>
							<width>270</width>
							<height>38</height>
							<font>ForumBrowser-font13</font>
							<aligny>center</aligny>
							<textcolor>white</textcolor>
							<align>left</align>
							<label>[B]$INFO[ListItem.Label2][/B]</label>
							<visible>!StringCompare(ListItem.Property(unread),)</visible>
						</control>
					</control>
					<control type="group">
						<visible>!Control.IsVisible(115)</visible>
						<control type="label">
							<posx>10</posx>
							<posy>8</posy>
							<width>1240</width>
							<height>38</height>
							<font>ForumBrowser-font13</font>
							<aligny>center</aligny>
							<textcolor>FFCCCCCC</textcolor>
							<align>left</align>
							<label>$INFO[ListItem.Label2]</label>
							<visible>StringCompare(ListItem.Property(unread),)</visible>
						</control>
						<control type="label">
							<posx>10</posx>
							<posy>8</posy>
							<width>1240</width>
							<height>38</height>
							<font>ForumBrowser-font13</font>
							<aligny>center</aligny>
							<textcolor>white</textcolor>
							<align>left</align>
							<label>[B]$INFO[ListItem.Label2][/B]</label>
							<visible>!StringCompare(ListItem.Property(unread),)</visible>
						</control>
					</control>
				</itemlayout>
				<focusedlayout height="38">
					<control type="group">
						<visible>Control.HasFocus(120) + Control.IsVisible(115)</visible>
						<control type="image">
							<posx>2</posx>
							<posy>-4</posy>
							<width>286</width>
							<height>62</height>
							<texture>forum-browser-video-select-back.png</texture>
							<colordiffuse>FF4488AA</colordiffuse>
						</control>
						<control type="image">
							<posx>0</posx>
							<posy>8</posy>
							<width>290</width>
							<height>38</height>
							<texture border="10">forum-browser-video-select.png</texture>
						</control>
					</control>
					
					<control type="group">
						<visible>Control.HasFocus(120) + !Control.IsVisible(115)</visible>
						<control type="image">
							<posx>2</posx>
							<posy>-4</posy>
							<width>1256</width>
							<height>62</height>
							<texture>forum-browser-video-select-back.png</texture>
							<colordiffuse>FF4488AA</colordiffuse>
						</control>
						<control type="image">
							<posx>0</posx>
							<posy>8</posy>
							<width>1260</width>
							<height>38</height>
							<texture border="10">forum-browser-video-select.png</texture>
						</control>
					</control>
					
					<control type="image">
						<posx>8</posx>
						<posy>15</posy>
						<width>16</width>
						<height>16</height>
						<texture>forum-browser-video-white.png</texture>
						<colordiffuse>FF335577</colordiffuse>
						<visible>StringCompare(ListItem.Genre,sticky)</visible>
					</control>
					
					<control type="group">
						<visible>Control.IsVisible(115)</visible>
						<control type="label">
							<posx>10</posx>
							<posy>8</posy>
							<width>270</width>
							<height>38</height>
							<font>ForumBrowser-font13</font>
							<aligny>center</aligny>
							<textcolor>FFCCCCCC</textcolor>
							<align>left</align>
							<label>$INFO[ListItem.Label2]</label>
							<visible>StringCompare(ListItem.Property(unread),)</visible>
						</control>
						<control type="label">
							<posx>10</posx>
							<posy>8</posy>
							<width>270</width>
							<height>38</height>
							<font>ForumBrowser-font13</font>
							<aligny>center</aligny>
							<textcolor>white</textcolor>
							<align>left</align>
							<label>[B]$INFO[ListItem.Label2][/B]</label>
							<visible>!StringCompare(ListItem.Property(unread),)</visible>
						</control>
					</control>
					<control type="group">
						<visible>!Control.IsVisible(115)</visible>
						<control type="label">
							<posx>10</posx>
							<posy>8</posy>
							<width>1240</width>
							<height>38</height>
							<font>ForumBrowser-font13</font>
							<aligny>center</aligny>
							<textcolor>FFCCCCCC</textcolor>
							<align>left</align>
							<label>$INFO[ListItem.Label2]</label>
							<visible>StringCompare(ListItem.Property(unread),)</visible>
						</control>
						<control type="label">
							<posx>10</posx>
							<posy>8</posy>
							<width>1240</width>
							<height>38</height>
							<font>ForumBrowser-font13</font>
							<aligny>center</aligny>
							<textcolor>white</textcolor>
							<align>left</align>
							<label>[B]$INFO[ListItem.Label2][/B]</label>
							<visible>!StringCompare(ListItem.Property(unread),)</visible>
						</control>
					</control>
				</focusedlayout>
			</control>
		</control>

		<control type="group" id="196">
			<animation effect="slide" end="290,0" time="200" delay="200" condition="ControlGroup(196).HasFocus(0)">Conditional</animation>
			<defaultcontrol>197</defaultcontrol>
			<description>The Buttons</description>
			<posx>-300</posx>
			<posy>50</posy>
			<width>300</width>
			<height>500</height>

			<control type="image">
				<description>Buttons Background</description>
				<posx>0</posx>
				<posy>0</posy>
				<width>300</width>
				<height>490</height>
				<texture border="10">forum-browser-video-box-light.png</texture>
			</control>

			<control type="group" id="197">
				<defaultcontrol>105</defaultcontrol>
				<visible allowhiddenfocus="true">ControlGroup(197).HasFocus(0)</visible>
				<posx>0</posx>
				<posy>0</posy>
				<width>300</width>
				<height>490</height>
			
				<control type="button" id="200">
					<description>Prev</description>
					<onright>120</onright>
					<onup>106</onup>
					<ondown>105</ondown>
					<posx>300r</posx>
					<posy>10</posy>
					<width>300</width>
					<height>38</height>
					<visible>true</visible>
					<colordiffuse>FFFFFFFF</colordiffuse>
					<font>ForumBrowser-font13</font>
					<align>right</align>
					<textoffsetx>40</textoffsetx>
					<label>$ADDON[script.forum.browser 32529]</label>
					<texturefocus>forum-browser-video-select-indicator.png</texturefocus>
					<texturenofocus>forum-browser-video-unselect.png</texturenofocus>
					<textcolor>white</textcolor>
					<disabledcolor>FF555555</disabledcolor>
					<focusedcolor>white</focusedcolor>
				</control>
				<control type="button">
					<description>Prev Disabled</description>
					<enable>false</enable>
					<visible>!Control.IsVisible(200)</visible>
					<onright>120</onright>
					<onup>106</onup>
					<ondown>105</ondown>
					<posx>300r</posx>
					<posy>10</posy>
					<width>300</width>
					<height>38</height>
					<visible>true</visible>
					<colordiffuse>FFFFFFFF</colordiffuse>
					<font>ForumBrowser-font13</font>
					<align>right</align>
					<textoffsetx>40</textoffsetx>
					<label>$INFO[Control.GetLabel(200)]</label>
					<texturefocus>forum-browser-video-select-indicator.png</texturefocus>
					<texturenofocus>forum-browser-video-unselect.png</texturenofocus>
					<textcolor>white</textcolor>
					<disabledcolor>FF555555</disabledcolor>
					<focusedcolor>white</focusedcolor>
				</control>
				
				<control type="button" id="105">
					<description>Page</description>
					<onright>120</onright>
					<onup>200</onup>
					<ondown>202</ondown>
					<posx>300r</posx>
					<posy>48</posy>
					<width>300</width>
					<height>38</height>
					<visible>true</visible>
					<colordiffuse>FFFFFFFF</colordiffuse>
					<font>ForumBrowser-font13</font>
					<align>right</align>
					<textoffsetx>40</textoffsetx>
					<texturefocus>forum-browser-video-select-indicator.png</texturefocus>
					<texturenofocus>forum-browser-video-unselect.png</texturenofocus>
					<textcolor>white</textcolor>
					<disabledcolor>FF555555</disabledcolor>
					<focusedcolor>white</focusedcolor>
				</control>

				<control type="button" id="202">
					<description>Next</description>
					<onright>120</onright>
					<onup>105</onup>
					<ondown>106</ondown>
					<posx>300r</posx>
					<posy>86</posy>
					<width>300</width>
					<height>38</height>
					<visible>true</visible>
					<colordiffuse>FFFFFFFF</colordiffuse>
					<font>ForumBrowser-font13</font>
					<align>right</align>
					<textoffsetx>40</textoffsetx>
					<label>$ADDON[script.forum.browser 32530]</label>
					<texturefocus>forum-browser-video-select-indicator.png</texturefocus>s>
					<texturenofocus>forum-browser-video-unselect.png</texturenofocus>
					<textcolor>white</textcolor>
					<disabledcolor>FF555555</disabledcolor>
					<focusedcolor>white</focusedcolor>
				</control>
				<control type="button">
					<description>Next Disabled</description>
					<enable>false</enable>
					<visible>!Control.IsVisible(202)</visible>
					<onright>120</onright>
					<onup>105</onup>
					<ondown>106</ondown>
					<posx>300r</posx>
					<posy>86</posy>
					<width>300</width>
					<height>38</height>
					<visible>true</visible>
					<colordiffuse>FFFFFFFF</colordiffuse>
					<font>ForumBrowser-font13</font>
					<align>right</align>
					<textoffsetx>40</textoffsetx>
					<label>$INFO[Control.GetLabel(202)]</label>
					<texturefocus>forum-browser-video-select-indicator.png</texturefocus>s>
					<texturenofocus>forum-browser-video-unselect.png</texturenofocus>
					<textcolor>white</textcolor>
					<disabledcolor>FF555555</disabledcolor>
					<focusedcolor>white</focusedcolor>
				</control>
				
				<control type="button" id="106">
					<description>Stop Button</description>
					<posx>300r</posx>
					<posy>141</posy>
					<width>300</width>
					<height>38</height>
					<onright>120</onright>
					<onup>202</onup>
					<ondown>200</ondown>
					<font>ForumBrowser-font13</font>
					<textcolor>white</textcolor>
					<focusedcolor>white</focusedcolor>
					<aligny>center</aligny>
					<align>right</align>
					<textoffsetx>40</textoffsetx>
					<label>[B]$ADDON[script.forum.browser 32910][/B]</label>
					<pulseonselect>false</pulseonselect>
					<texturefocus>forum-browser-video-select-indicator.png</texturefocus>
					<texturenofocus>forum-browser-video-unselect.png</texturenofocus>
					<colordiffuse>FFFF0000</colordiffuse>
				</control>
			</control>
		</control>
		
		<control type="group">
			<posx>10</posx>
			<posy>560</posy>
			<width>1260</width>
			<height>150</height>
			<control type="image">
				<description>Info Area Background</description>
				<posx>0</posx>
				<posy>0</posy>
				<width>1260</width>
				<height>150</height>
				<texture border="10">forum-browser-video-box.png</texture>
			</control>
			<control type="label">
				<description>Forum Name</description>
				<posx>10</posx>
				<posy>10</posy>
				<width>1140</width>
				<height>25</height>
				<font>ForumBrowser-font13</font>
				<textcolor>white</textcolor>
				<aligny>top</aligny>
				<label>[B]$INFO[Container(120).ListItem.Property(title)][/B]</label>
			</control>
			<control type="label">
				<description>Last Poster</description>
				<posx>300</posx>
				<posy>38</posy>
				<width>300</width>
				<height>25</height>
				<font>ForumBrowser-font12</font>
				<textcolor>FF4488AA</textcolor>
				<aligny>top</aligny>
				<wrapmultiline>true</wrapmultiline>
				<label>$ADDON[script.forum.browser 32162] $INFO[Container(120).ListItem.Property(lastposter)]</label>
				<visible>!StringCompare(Container(120).ListItem.Property(lastposter),)</visible>
			</control>
			<control type="label">
				<description>Last Poster</description>
				<posx>300</posx>
				<posy>38</posy>
				<width>300</width>
				<height>25</height>
				<font>ForumBrowser-font12</font>
				<textcolor>FF4488AA</textcolor>
				<aligny>top</aligny>
				<wrapmultiline>true</wrapmultiline>
				<label>$ADDON[script.forum.browser 32162] [COLOR FF00FF00]$INFO[Container(120).ListItem.Property(lastposter)][/COLOR]</label>
				<visible>!StringCompare(Container(120).ListItem.Property(lastposter),) + !StringCompare(Container(120).ListItem.Studio,)</visible>
			</control>
			<control type="label">
				<description>Last Poster</description>
				<posx>600</posx>
				<posy>38</posy>
				<width>300</width>
				<height>25</height>
				<font>ForumBrowser-font12</font>
				<textcolor>FF4488AA</textcolor>
				<aligny>top</aligny>
				<wrapmultiline>true</wrapmultiline>
				<label>$INFO[Container(120).ListItem.Property(reply_count),$ADDON[script.forum.browser 32912]: ]</label>
			</control>
			<control type="label">
				<description>Forum Description</description>
				<posx>10</posx>
				<posy>60</posy>
				<width>1100</width>
				<height>25</height>
				<font>ForumBrowser-font12</font>
				<textcolor>FFAAAAAA</textcolor>
				<aligny>top</aligny>
				<align>left</align>
				<wrapmultiline>true</wrapmultiline>
				<label>$INFO[Container(120).ListItem.Property(preview)]</label>
			</control>
			
			<control type="label">
				<description>Starter</description>
				<posx>10</posx>
				<posy>38</posy>
				<width>270</width>
				<height>25</height>
				<font>ForumBrowser-font12</font>
				<textcolor>FF4488AA</textcolor>
				<aligny>top</aligny>
				<wrapmultiline>true</wrapmultiline>
				<label>$ADDON[script.forum.browser 32526] $INFO[Container(120).ListItem.Property(starter)]</label>
				<visible>!StringCompare(Container(120).ListItem.Property(starter),) + !StringCompare(Container(120).ListItem.Director,me)</visible>
			</control>
			<control type="label">
				<description>Starter</description>
				<posx>10</posx>
				<posy>38</posy>
				<width>270</width>
				<height>25</height>
				<font>ForumBrowser-font12</font>
				<textcolor>FF4488AA</textcolor>
				<aligny>top</aligny>
				<wrapmultiline>true</wrapmultiline>
				<label>$ADDON[script.forum.browser 32526] [COLOR FF00FF00]$INFO[Container(120).ListItem.Property(starter)][/COLOR]</label>
				<visible>!StringCompare(Container(120).ListItem.Property(starter),) + StringCompare(Container(120).ListItem.Director,me)</visible>
			</control>
			
			<control type="label" id="103">
				<description>Forum Label</description>
				<posx>10</posx>
				<posy>95</posy>
				<width>230</width>
				<height>60</height>
				<font>ForumBrowser-font30</font>
				<textcolor>white</textcolor>
				<aligny>center</aligny>
				<label>[B]$ADDON[script.forum.browser 32911][/B]</label>
				<wrapmultiline>true</wrapmultiline>
			</control>
			<control type="label" id="104">
				<description>Forum Title- Loading Status</description>
				<posx>10r</posx>
				<posy>98</posy>
				<width>1000</width>
				<height>60</height>
				<font>ForumBrowser-font13</font>
				<textcolor>white</textcolor>
				<aligny>center</aligny>
				<align>right</align>
				<label>[B]$ADDON[script.forum.browser 32915][/B]</label>
				<wrapmultiline>true</wrapmultiline>
			</control>
				
			<control type="label">
				<description>Time</description>
				<posx>10r</posx>
				<posy>48</posy>
				<width>200</width>
				<height>10</height>
				<font>ForumBrowser-font12</font>
				<textcolor>FF000000</textcolor>
				<aligny>center</aligny>
				<align>right</align>
				<label>[COLOR FF808080][B]$INFO[System.Time][/B][/COLOR]</label>
			</control>

			<control type="button" id="110">
				<description>Close Button</description>
				<posx>34r</posx>
				<posy>10</posy>
				<width>24</width>
				<height>24</height>
				<texturefocus>forum-browser-video-box.png</texturefocus>
				<texturenofocus>forum-browser-video-box.png</texturenofocus>
				<!--  visible>system.getbool(input.enablemouse)</visible -->
				<visible>false</visible>
				<onclick>PreviousMenu</onclick>
			</control>
			<control type="label" id="160">
				<description>Login Error</description>
				<posx>70r</posx>
				<posy>10</posy>
				<width>400</width>
				<height>10</height>
				<font>ForumBrowser-font10</font>
				<textcolor>red</textcolor>
				<aligny>top</aligny>
				<align>right</align>
				<!-- label>This is a test of an error message</label -->
			</control>
			<control type="image">
				<description>Logged In Back</description>
				<posx>35r</posx>
				<posy>9</posy>
				<width>26</width>
				<height>26</height>
				<texture>forum-browser-video-logged-in-back.png</texture>
			</control>
			<control type="image" id="111">
				<description>Logged In</description>
				<posx>32r</posx>
				<posy>12</posy>
				<width>21</width>
				<height>21</height>
				<texture>forum-browser-video-logged-in.png</texture>
				<colordiffuse>FF555555</colordiffuse>
			</control>
			<control type="image">
				<description>Loading</description>
				<posx>42r</posx>
				<posy>72</posy>
				<width>32</width>
				<height>32</height>
				<texture>forum-browser-video-loading.gif</texture>
				<visible>Control.isVisible(106)</visible>
			</control>
		</control>
		
		<control type="group">
			<animation effect="slide" end="0,-90" time="500" condition="Control.IsVisible(106)">Conditional</animation>
			<posx>515</posx>
			<posy>735</posy>
			<control type="image">
				<description>Progress Back</description>
				<posx>-20</posx>
				<posy>0</posy>
				<width>290</width>
				<height>80</height>
				<texture border="10">forum-browser-video-box-light.png</texture>
			</control>
			<control type="image">
				<description>Progress Under</description>
				<posx>-5</posx>
				<posy>20</posy>
				<width>250</width>
				<height>24</height>
				<texture>forum-browser-video-progress-over.png</texture>
				<colordiffuse>33FFFFFF</colordiffuse>
			</control>
			<control type="image" id="300">
				<posx>0</posx>
				<posy>25</posy>
				<width>240</width>
				<height>16</height>
				<texture border="8,0,8,0">forum-browser-video-progress-back.png</texture>
				<colordiffuse>FF444444</colordiffuse>
			</control>
			<control type="image" id="310">
				<description>Progress</description>
				<posx>0</posx>
				<posy>25</posy>
				<width>16</width>
				<height>16</height>
				<texture border="8,0,8,0">forum-browser-video-progress-bar.png</texture>
			</control>
			<control type="image">
				<description>Progress Over</description>
				<posx>-3</posx>
				<posy>22</posy>
				<width>246</width>
				<height>20</height>
				<texture>forum-browser-video-progress-over.png</texture>
			</control>
		</control>
				
		<control type="group" id="115">
			<visible>Player.Playing + Player.HasVideo + !StringCompare(Window(10000).Property(ForumBrowser_hidePNP),1)</visible>
			<posx>310</posx>
			<posy>10</posy>
			<control type="videowindow">
				<description>PIP</description>
				<posx>0</posx>
				<posy>0</posy>
				<width>960</width>
				<height>540</height>
			</control>
		</control>
	</controls>
</window>
