<window id="103">
	<!--  Forum Browser Replacement Keyboard (Video) -->
	<defaultcontrol always="true">300</defaultcontrol>
	<coordinates>
		<system>2</system>
		<posx>20</posx>
		<posy>360</posy>
		<origin x="20" y="555">Player.Playing + Player.HasVideo + !StringCompare(Window(10000).Property(ForumBrowser_hidePNP),1)</origin>
	</coordinates>
	<controls>
		<control type="group">
			<visible>!Window.IsVisible(numericinput)</visible>
			
			<control type="group" id="200">
				<visible>StringCompare(Window(10000).Property(ForumBrowser_modKeyboard),1) + !StringCompare(Window(10000).Property(FB_smiley_0),)</visible>
				<defaultcontrol>299</defaultcontrol>
				<posx>0</posx>
				<posy>-275</posy>
				<onup>307</onup>
				<ondown>300</ondown>
				<control type="image">
					<posx>-10</posx>
					<posy>-10</posy>
					<width>140</width>
					<height>270</height>
					<aspectratio>stretch</aspectratio>
					<texture border="10">forum-browser-keyboard/forum-browser-keyboard-boxr-white.png</texture>
					<colordiffuse>44000000</colordiffuse>
				</control>
				<control type="image">
					<posx>0</posx>
					<posy>0</posy>
					<width>120</width>
					<height>250</height>
					<aspectratio>stretch</aspectratio>
					<texture border="10">forum-browser-keyboard/forum-browser-keyboard-boxr.png</texture>
					<colordiffuse>FF4488AA</colordiffuse>
				</control>
				<control type="image">
					<posx>10</posx>
					<posy>10</posy>
					<width>100</width>
					<height>230</height>
					<aspectratio>stretch</aspectratio>
					<texture border="10">forum-browser-keyboard/forum-browser-keyboard-boxr.png</texture>
				</control>
				<control type="button" id="299">
					<description>smile</description>
					<posx>20</posx>
					<posy>20</posy>
					<width>40</width>
					<height>40</height>
					<label>$INFO[Window(10000).Property(FB_smiley_0)]</label>
					<onright>298</onright>
					<onup>300</onup>
					<ondown>297</ondown>
					<texturenofocus></texturenofocus>
					<texturefocus border="6">forum-browser-keyboard/forum-browser-KeyboardKey.png</texturefocus>
					<align>center</align>
					<aligny>center</aligny>
					<font>ForumBrowser-font13</font>
					<textcolor>yellow</textcolor>
					<focusedcolor>FF000000</focusedcolor>
					<onclick>SendClick(,304)</onclick>
					<onclick>SendClick(,90)</onclick>
					<onclick>SendClick(,8)</onclick>
					<onclick>SendClick(,304)</onclick>
					<onclick>SendClick(,74)</onclick>
					<onclick>SendClick(,304)</onclick>
					<onclick>SendClick(,48)</onclick>
				</control>
				<control type="button" id="298">
					<description>frown</description>
					<posx>60</posx>
					<posy>20</posy>
					<width>40</width>
					<height>40</height>
					<label>$INFO[Window(10000).Property(FB_smiley_1)]</label>
					<onleft>299</onleft>
					<onup>300</onup>
					<ondown>296</ondown>
					<texturenofocus></texturenofocus>
					<texturefocus border="6">forum-browser-keyboard/forum-browser-KeyboardKey.png</texturefocus>
					<align>center</align>
					<aligny>center</aligny>
					<font>ForumBrowser-font13</font>
					<textcolor>yellow</textcolor>
					<focusedcolor>FF000000</focusedcolor>
					<onclick>SendClick(,304)</onclick>
					<onclick>SendClick(,90)</onclick>
					<onclick>SendClick(,8)</onclick>
					<onclick>SendClick(,304)</onclick>
					<onclick>SendClick(,74)</onclick>
					<onclick>SendClick(,304)</onclick>
					<onclick>SendClick(,57)</onclick>
				</control>
				<control type="button" id="297">
					<description>smile</description>
					<posx>20</posx>
					<posy>60</posy>
					<width>40</width>
					<height>40</height>
					<label>$INFO[Window(10000).Property(FB_smiley_2)]</label>
					<onright>296</onright>
					<onup>299</onup>
					<ondown>295</ondown>
					<texturenofocus></texturenofocus>
					<texturefocus border="6">forum-browser-keyboard/forum-browser-KeyboardKey.png</texturefocus>
					<align>center</align>
					<aligny>center</aligny>
					<font>ForumBrowser-font13</font>
					<textcolor>yellow</textcolor>
					<focusedcolor>FF000000</focusedcolor>
					<onclick>SendClick(,304)</onclick>
					<onclick>SendClick(,90)</onclick>
					<onclick>SendClick(,8)</onclick>
					<onclick>SendClick(,304)</onclick>
					<onclick>SendClick(,73)</onclick>
					<onclick>SendClick(,304)</onclick>
					<onclick>SendClick(,48)</onclick>
				</control>
				<control type="button" id="296">
					<description>frown</description>
					<posx>60</posx>
					<posy>60</posy>
					<width>40</width>
					<height>40</height>
					<label>$INFO[Window(10000).Property(FB_smiley_3)]</label>
					<onleft>297</onleft>
					<onup>298</onup>
					<ondown>294</ondown>
					<texturenofocus></texturenofocus>
					<texturefocus border="6">forum-browser-keyboard/forum-browser-KeyboardKey.png</texturefocus>
					<align>center</align>
					<aligny>center</aligny>
					<font>ForumBrowser-font13</font>
					<textcolor>yellow</textcolor>
					<focusedcolor>FF000000</focusedcolor>
					<onclick>SendClick(,304)</onclick>
					<onclick>SendClick(,90)</onclick>
					<onclick>SendClick(,8)</onclick>
					<onclick>SendClick(,304)</onclick>
					<onclick>SendClick(,74)</onclick>
					<onclick>SendClick(,302)</onclick>
					<onclick>SendClick(,68)</onclick>
				</control>
				<control type="button" id="295">
					<description>smile</description>
					<posx>20</posx>
					<posy>100</posy>
					<width>40</width>
					<height>40</height>
					<label>$INFO[Window(10000).Property(FB_smiley_4)]</label>
					<onright>294</onright>
					<onup>297</onup>
					<ondown>293</ondown>
					<texturenofocus></texturenofocus>
					<texturefocus border="6">forum-browser-keyboard/forum-browser-KeyboardKey.png</texturefocus>
					<align>center</align>
					<aligny>center</aligny>
					<font>ForumBrowser-font13</font>
					<textcolor>yellow</textcolor>
					<focusedcolor>FF000000</focusedcolor>
					<onclick>SendClick(,304)</onclick>
					<onclick>SendClick(,90)</onclick>
					<onclick>SendClick(,8)</onclick>
					<onclick>SendClick(,304)</onclick>
					<onclick>SendClick(,74)</onclick>
					<onclick>SendClick(,302)</onclick>
					<onclick>SendClick(,80)</onclick>
				</control>
				<control type="button" id="294">
					<description>frown</description>
					<posx>60</posx>
					<posy>100</posy>
					<width>40</width>
					<height>40</height>
					<label>$INFO[Window(10000).Property(FB_smiley_5)]</label>
					<onleft>295</onleft>
					<onup>296</onup>
					<ondown>292</ondown>
					<texturenofocus></texturenofocus>
					<texturefocus border="6">forum-browser-keyboard/forum-browser-KeyboardKey.png</texturefocus>
					<align>center</align>
					<aligny>center</aligny>
					<font>ForumBrowser-font13</font>
					<textcolor>yellow</textcolor>
					<focusedcolor>FF000000</focusedcolor>
					<onclick>SendClick(,304)</onclick>
					<onclick>SendClick(,90)</onclick>
					<onclick>SendClick(,8)</onclick>
					<onclick>SendClick(,304)</onclick>
					<onclick>SendClick(,74)</onclick>
					<onclick>SendClick(,79)</onclick>
				</control>
				<control type="button" id="293">
					<description>smile</description>
					<posx>20</posx>
					<posy>140</posy>
					<width>40</width>
					<height>40</height>
					<label>$INFO[Window(10000).Property(FB_smiley_6)]</label>
					<onright>292</onright>
					<onup>295</onup>
					<ondown>291</ondown>
					<texturenofocus></texturenofocus>
					<texturefocus border="6">forum-browser-keyboard/forum-browser-KeyboardKey.png</texturefocus>
					<align>center</align>
					<aligny>center</aligny>
					<font>ForumBrowser-font13</font>
					<textcolor>yellow</textcolor>
					<focusedcolor>FF000000</focusedcolor>
					<onclick>SendClick(,304)</onclick>
					<onclick>SendClick(,90)</onclick>
					<onclick>SendClick(,8)</onclick>
					<onclick>SendClick(,304)</onclick>
					<onclick>SendClick(,74)</onclick>
					<onclick>SendClick(,304)</onclick>
					<onclick>SendClick(,69)</onclick>
					<onclick>SendClick(,304)</onclick>
					<onclick>SendClick(,81)</onclick>
				</control>
				<control type="button" id="292">
					<description>frown</description>
					<posx>60</posx>
					<posy>140</posy>
					<width>40</width>
					<height>40</height>
					<label>$INFO[Window(10000).Property(FB_smiley_7)]</label>
					<onleft>293</onleft>
					<onup>294</onup>
					<ondown>291</ondown>
					<texturenofocus></texturenofocus>
					<texturefocus border="6">forum-browser-keyboard/forum-browser-KeyboardKey.png</texturefocus>
					<align>center</align>
					<aligny>center</aligny>
					<font>ForumBrowser-font13</font>
					<textcolor>yellow</textcolor>
					<focusedcolor>FF000000</focusedcolor>
					<onclick>SendClick(,304)</onclick>
					<onclick>SendClick(,90)</onclick>
					<onclick>SendClick(,8)</onclick>
					<onclick>SendClick(,56)</onclick>
					<onclick>SendClick(,304)</onclick>
					<onclick>SendClick(,69)</onclick>
					<onclick>SendClick(,304)</onclick>
					<onclick>SendClick(,48)</onclick>
				</control>
				<control type="button" id="291">
					<description>More</description>
					<visible>StringCompare(Window(10000).Property(ForumBrowser_siteSmilies),1) + StringCompare(Window(10000).Property(ForumBrowser_modKeyboard),1)</visible>
					<posx>20</posx>
					<posy>190</posy>
					<width>80</width>
					<height>40</height>
					<label>MORE</label>
					<onup>293</onup>
					<ondown>300</ondown>
					<texturenofocus></texturenofocus>
					<texturefocus border="6">forum-browser-keyboard/forum-browser-KeyboardKey.png</texturefocus>
					<align>center</align>
					<aligny>center</aligny>
					<font>ForumBrowser-font13</font>
					<textcolor>white</textcolor>
					<focusedcolor>FF000000</focusedcolor>
					<onclick>RunScript(script.forum.browser,smilies)</onclick>
				</control>
			</control>
			
			<control type="image">
				<posx>-10</posx>
				<posy>-10</posy>
				<width>1260</width>
				<height>166</height>
				<aspectratio>stretch</aspectratio>
				<texture border="10">forum-browser-keyboard/forum-browser-keyboard-boxr-white.png</texture>
				<colordiffuse>44000000</colordiffuse>
			</control>
			<control type="image">
				<posx>0</posx>
				<posy>0</posy>
				<width>1240</width>
				<height>146</height>
				<aspectratio>stretch</aspectratio>
				<texture border="10">forum-browser-keyboard/forum-browser-keyboard-boxr.png</texture>
				<colordiffuse>FF4488AA</colordiffuse>
			</control>
			
			<control type="group">
				<animation effect="slide" end="0,40" time="500" condition="!Control.HasFocus(300) + Player.Playing + Player.HasVideo + !StringCompare(Window(10000).Property(ForumBrowser_hidePNP),1)">Conditional</animation>
				<posx>10</posx>
				<posy>-20</posy>
				<control type="image">
					<posx>0</posx>
					<posy>0</posy>
					<width>451</width>
					<height>34</height>
					<aspectratio>stretch</aspectratio>
					<texture border="10">forum-browser-keyboard/forum-browser-keyboard-boxr-header.png</texture>
				</control>
				<control type="label" id="311">
					<description>header label</description>
					<posx>10</posx>
					<posy>0</posy>
					<width>431</width>
					<height>30</height>
					<font>ForumBrowser-font12_title</font>
					<align>center</align>
					<aligny>center</aligny>
					<textcolor>FF4488AA</textcolor>
				</control>
			</control>
			
			<control type="image">
				<posx>10</posx>
				<posy>10</posy>
				<width>451</width>
				<height>126</height>
				<aspectratio>stretch</aspectratio>
				<texture border="10">forum-browser-keyboard/forum-browser-keyboard-boxr-light.png</texture>
			</control>
			<control type="image">
				<posx>471</posx>
				<posy>10</posy>
				<width>759</width>
				<height>126</height>
				<aspectratio>stretch</aspectratio>
				<texture border="10">forum-browser-keyboard/forum-browser-keyboard-boxr-black.png</texture>
			</control>
			<control type="label" id="310">
				<description>Edit Text</description>
				<posx>481</posx>
				<posy>14</posy>
				<width>739</width>
				<height>106</height>
				<font>ForumBrowser-font12</font>
				<align>left</align>
				<aligny>top</aligny>
				<wrapmultiline>true</wrapmultiline>
				<textcolor>white</textcolor>
			</control>
				
			<control type="group">
				<posx>10</posx>
				<posy>10</posy>
				<control type="image">
					<posx>2</posx>
					<posy>25</posy>
					<width>447</width>
					<height>1</height>
					<texture>forum-browser-keyboard/forum-browser-keyboard-white.png</texture>
				</control>
				<control type="image">
					<posx>2</posx>
					<posy>50</posy>
					<width>447</width>
					<height>1</height>
					<texture>forum-browser-keyboard/forum-browser-keyboard-white.png</texture>
				</control>
				<control type="image">
					<posx>2</posx>
					<posy>75</posy>
					<width>447</width>
					<height>1</height>
					<texture>forum-browser-keyboard/forum-browser-keyboard-white.png</texture>
				</control>
				<control type="image">
					<posx>2</posx>
					<posy>100</posy>
					<width>447</width>
					<height>1</height>
					<texture>forum-browser-keyboard/forum-browser-keyboard-white.png</texture>
				</control>
				<control type="image">
					<posx>100</posx>
					<posy>2</posy>
					<width>2</width>
					<height>122</height>
					<texture>forum-browser-keyboard/forum-browser-keyboard-white.png</texture>
				</control>
				<control type="image">
					<posx>135</posx>
					<posy>2</posy>
					<width>1</width>
					<height>98</height>
					<texture>forum-browser-keyboard/forum-browser-keyboard-white.png</texture>
				</control>
				<control type="image">
					<posx>170</posx>
					<posy>2</posy>
					<width>1</width>
					<height>98</height>
					<texture>forum-browser-keyboard/forum-browser-keyboard-white.png</texture>
				</control>
				<control type="image">
					<posx>205</posx>
					<posy>2</posy>
					<width>1</width>
					<height>98</height>
					<texture>forum-browser-keyboard/forum-browser-keyboard-white.png</texture>
				</control>
				<control type="image">
					<posx>240</posx>
					<posy>2</posy>
					<width>1</width>
					<height>98</height>
					<texture>forum-browser-keyboard/forum-browser-keyboard-white.png</texture>
				</control>
				<control type="image">
					<posx>275</posx>
					<posy>2</posy>
					<width>1</width>
					<height>98</height>
					<texture>forum-browser-keyboard/forum-browser-keyboard-white.png</texture>
				</control>
				<control type="image">
					<posx>310</posx>
					<posy>2</posy>
					<width>1</width>
					<height>98</height>
					<texture>forum-browser-keyboard/forum-browser-keyboard-white.png</texture>
				</control>
				<control type="image">
					<posx>345</posx>
					<posy>2</posy>
					<width>1</width>
					<height>73</height>
					<texture>forum-browser-keyboard/forum-browser-keyboard-white.png</texture>
				</control>
				<control type="image">
					<posx>380</posx>
					<posy>2</posy>
					<width>1</width>
					<height>73</height>
					<texture>forum-browser-keyboard/forum-browser-keyboard-white.png</texture>
				</control>
				<control type="image">
					<posx>415</posx>
					<posy>2</posy>
					<width>1</width>
					<height>73</height>
					<texture>forum-browser-keyboard/forum-browser-keyboard-white.png</texture>
				</control>
				<control type="image">
					<posx>400</posx>
					<posy>101</posy>
					<width>1</width>
					<height>23</height>
					<texture>forum-browser-keyboard/forum-browser-keyboard-white.png</texture>
				</control>
				<control type="image">
					<posx>350</posx>
					<posy>101</posy>
					<width>1</width>
					<height>23</height>
					<texture>forum-browser-keyboard/forum-browser-keyboard-white.png</texture>
				</control>
			
				<control type="button" id="300">
					<description>DONE button</description>
					<posx>0</posx>
					<posy>0</posy>
					<width>101</width>
					<height>26</height>
					<label>20177</label>
					<onleft>57</onleft>
					<onright>48</onright>
					<onup>200</onup>
					<ondown>302</ondown>
					<texturenofocus></texturenofocus>
					<texturefocus border="6">forum-browser-keyboard/forum-browser-KeyboardKey.png</texturefocus>
					<align>left</align>
					<aligny>center</aligny>
					<font>ForumBrowser-font12</font>
					<textcolor>white</textcolor><focusedcolor>FF000000</focusedcolor>
				</control>
				<control type="button" id="48">
					<description>'0' button</description>
					<posx>100</posx>
					<posy>0</posy>
					<width>36</width>
					<height>26</height>
					<onleft>300</onleft>
					<onright>49</onright>
					<onup>32</onup>
					<ondown>65</ondown>
					<texturenofocus></texturenofocus>
					<texturefocus border="6">forum-browser-keyboard/forum-browser-KeyboardKey.png</texturefocus>
					<align>center</align>
					<aligny>center</aligny>
					<font>ForumBrowser-font12</font>
					<textcolor>white</textcolor><focusedcolor>FF000000</focusedcolor>
				</control>
				<control type="button" id="49">
					<description>'1' button</description>
					<posx>135</posx>
					<posy>0</posy>
					<width>36</width>
					<height>26</height>
					<onleft>48</onleft>
					<onright>50</onright>
					<onup>32</onup>
					<ondown>66</ondown>
					<texturenofocus></texturenofocus>
					<texturefocus border="6">forum-browser-keyboard/forum-browser-KeyboardKey.png</texturefocus>
					<align>center</align>
					<aligny>center</aligny>
					<font>ForumBrowser-font12</font>
					<textcolor>white</textcolor><focusedcolor>FF000000</focusedcolor>
				</control>
				<control type="button" id="50">
					<description>'2' button</description>
					<posx>170</posx>
					<posy>0</posy>
					<width>36</width>
					<height>26</height>
					<onleft>49</onleft>
					<onright>51</onright>
					<onup>32</onup>
					<ondown>67</ondown>
					<texturenofocus></texturenofocus>
					<texturefocus border="6">forum-browser-keyboard/forum-browser-KeyboardKey.png</texturefocus>
					<align>center</align>
					<aligny>center</aligny>
					<font>ForumBrowser-font12</font>
					<textcolor>white</textcolor><focusedcolor>FF000000</focusedcolor>
				</control>
				<control type="button" id="51">
					<description>'3' button</description>
					<posx>205</posx>
					<posy>0</posy>
					<width>36</width>
					<height>26</height>
					<onleft>50</onleft>
					<onright>52</onright>
					<onup>32</onup>
					<ondown>68</ondown>
					<texturenofocus></texturenofocus>
					<texturefocus border="6">forum-browser-keyboard/forum-browser-KeyboardKey.png</texturefocus>
					<align>center</align>
					<aligny>center</aligny>
					<font>ForumBrowser-font12</font>
					<textcolor>white</textcolor><focusedcolor>FF000000</focusedcolor>
				</control>
				<control type="button" id="52">
					<description>'4' button</description>
					<posx>240</posx>
					<posy>0</posy>
					<width>36</width>
					<height>26</height>
					<onleft>51</onleft>
					<onright>53</onright>
					<onup>32</onup>
					<ondown>69</ondown>
					<texturenofocus></texturenofocus>
					<texturefocus border="6">forum-browser-keyboard/forum-browser-KeyboardKey.png</texturefocus>
					<align>center</align>
					<aligny>center</aligny>
					<font>ForumBrowser-font12</font>
					<textcolor>white</textcolor><focusedcolor>FF000000</focusedcolor>
				</control>
				<control type="button" id="53">
					<description>'5' button</description>
					<posx>275</posx>
					<posy>0</posy>
					<width>36</width>
					<height>26</height>
					<onleft>52</onleft>
					<onright>54</onright>
					<onup>32</onup>
					<ondown>70</ondown>
					<texturenofocus></texturenofocus>
					<texturefocus border="6">forum-browser-keyboard/forum-browser-KeyboardKey.png</texturefocus>
					<align>center</align>
					<aligny>center</aligny>
					<font>ForumBrowser-font12</font>
					<textcolor>white</textcolor><focusedcolor>FF000000</focusedcolor>
				</control>
				<control type="button" id="54">
					<description>'6' button</description>
					<posx>310</posx>
					<posy>0</posy>
					<width>36</width>
					<height>26</height>
					<onleft>53</onleft>
					<onright>55</onright>
					<onup>305</onup>
					<ondown>71</ondown>
					<texturenofocus></texturenofocus>
					<texturefocus border="6">forum-browser-keyboard/forum-browser-KeyboardKey.png</texturefocus>
					<align>center</align>
					<aligny>center</aligny>
					<font>ForumBrowser-font12</font>
					<textcolor>white</textcolor><focusedcolor>FF000000</focusedcolor>
				</control>
				<control type="button" id="55">
					<description>'7' button</description>
					<posx>345</posx>
					<posy>0</posy>
					<width>36</width>
					<height>26</height>
					<onleft>54</onleft>
					<onright>56</onright>
					<onup>305</onup>
					<ondown>72</ondown>
					<texturenofocus></texturenofocus>
					<texturefocus border="6">forum-browser-keyboard/forum-browser-KeyboardKey.png</texturefocus>
					<align>center</align>
					<aligny>center</aligny>
					<font>ForumBrowser-font12</font>
					<textcolor>white</textcolor><focusedcolor>FF000000</focusedcolor>
				</control>
				<control type="button" id="56">
					<description>'8' button</description>
					<posx>380</posx>
					<posy>0</posy>
					<width>36</width>
					<height>26</height>
					<onleft>55</onleft>
					<onright>57</onright>
					<onup>306</onup>
					<ondown>73</ondown>
					<texturenofocus></texturenofocus>
					<texturefocus border="6">forum-browser-keyboard/forum-browser-KeyboardKey.png</texturefocus>
					<align>center</align>
					<aligny>center</aligny>
					<font>ForumBrowser-font12</font>
					<textcolor>white</textcolor><focusedcolor>FF000000</focusedcolor>
				</control>
				<control type="button" id="57">
					<description>'9' button</description>
					<posx>415</posx>
					<posy>0</posy>
					<width>36</width>
					<height>26</height>
					<onleft>56</onleft>
					<onright>300</onright>
					<onup>306</onup>
					<ondown>74</ondown>
					<texturenofocus></texturenofocus>
					<texturefocus border="6">forum-browser-keyboard/forum-browser-KeyboardKey.png</texturefocus>
					<align>center</align>
					<aligny>center</aligny>
					<font>ForumBrowser-font12</font>
					<textcolor>white</textcolor><focusedcolor>FF000000</focusedcolor>
				</control>
				<control type="radiobutton" id="302">
					<description>SHIFT button</description>
					<posx>0</posx>
					<posy>25</posy>
					<width>101</width>
					<height>26</height>
					<label>20178</label>
					<onleft>74</onleft>
					<onright>65</onright>
					<onup>300</onup>
					<ondown>303</ondown>
					<texturenofocus></texturenofocus>
					<texturefocus border="6">forum-browser-keyboard/forum-browser-KeyboardKey.png</texturefocus>
					<radioposy>8</radioposy>
					<radiowidth>10</radiowidth>
					<radioheight>10</radioheight>
					<align>left</align>
					<aligny>center</aligny>
					<font>ForumBrowser-font10</font>
					<textcolor>white</textcolor><focusedcolor>FF000000</focusedcolor>
				</control>
				<control type="button" id="65">
					<description>'A' button</description>
					<posx>100</posx>
					<posy>25</posy>
					<width>36</width>
					<height>26</height>
					<onleft>302</onleft>
					<onright>66</onright>
					<onup>48</onup>
					<ondown>75</ondown>
					<texturenofocus></texturenofocus>
					<texturefocus border="6">forum-browser-keyboard/forum-browser-KeyboardKey.png</texturefocus>
					<align>center</align>
					<aligny>center</aligny>
					<font>ForumBrowser-font12</font>
					<textcolor>white</textcolor><focusedcolor>FF000000</focusedcolor>
				</control>
				<control type="button" id="66">
					<description>'B' button</description>
					<posx>135</posx>
					<posy>25</posy>
					<width>36</width>
					<height>26</height>
					<onleft>65</onleft>
					<onright>67</onright>
					<onup>49</onup>
					<ondown>76</ondown>
					<texturenofocus></texturenofocus>
					<texturefocus border="6">forum-browser-keyboard/forum-browser-KeyboardKey.png</texturefocus>
					<align>center</align>
					<aligny>center</aligny>
					<font>ForumBrowser-font12</font>
					<textcolor>white</textcolor><focusedcolor>FF000000</focusedcolor>
				</control>
				<control type="button" id="67">
					<description>'C' button</description>
					<posx>170</posx>
					<posy>25</posy>
					<width>36</width>
					<height>26</height>
					<onleft>66</onleft>
					<onright>68</onright>
					<onup>50</onup>
					<ondown>77</ondown>
					<texturenofocus></texturenofocus>
					<texturefocus border="6">forum-browser-keyboard/forum-browser-KeyboardKey.png</texturefocus>
					<align>center</align>
					<aligny>center</aligny>
					<font>ForumBrowser-font12</font>
					<textcolor>white</textcolor><focusedcolor>FF000000</focusedcolor>
				</control>
				<control type="button" id="68">
					<description>'D' button</description>
					<posx>205</posx>
					<posy>25</posy>
					<width>36</width>
					<height>26</height>
					<onleft>67</onleft>
					<onright>69</onright>
					<onup>51</onup>
					<ondown>78</ondown>
					<texturenofocus></texturenofocus>
					<texturefocus border="6">forum-browser-keyboard/forum-browser-KeyboardKey.png</texturefocus>
					<align>center</align>
					<aligny>center</aligny>
					<font>ForumBrowser-font12</font>
					<textcolor>white</textcolor><focusedcolor>FF000000</focusedcolor>
				</control>
				<control type="button" id="69">
					<description>'E' button</description>
					<posx>240</posx>
					<posy>25</posy>
					<width>36</width>
					<height>26</height>
					<onleft>68</onleft>
					<onright>70</onright>
					<onup>52</onup>
					<ondown>79</ondown>
					<texturenofocus></texturenofocus>
					<texturefocus border="6">forum-browser-keyboard/forum-browser-KeyboardKey.png</texturefocus>
					<align>center</align>
					<aligny>center</aligny>
					<font>ForumBrowser-font12</font>
					<textcolor>white</textcolor><focusedcolor>FF000000</focusedcolor>
				</control>
				<control type="button" id="70">
					<description>'F' button</description>
					<posx>275</posx>
					<posy>25</posy>
					<width>36</width>
					<height>26</height>
					<onleft>69</onleft>
					<onright>71</onright>
					<onup>53</onup>
					<ondown>80</ondown>
					<texturenofocus></texturenofocus>
					<texturefocus border="6">forum-browser-keyboard/forum-browser-KeyboardKey.png</texturefocus>
					<align>center</align>
					<aligny>center</aligny>
					<font>ForumBrowser-font12</font>
					<textcolor>white</textcolor><focusedcolor>FF000000</focusedcolor>
				</control>
				<control type="button" id="71">
					<description>'G' button</description>
					<posx>310</posx>
					<posy>25</posy>
					<width>36</width>
					<height>26</height>
					<onleft>70</onleft>
					<onright>72</onright>
					<onup>54</onup>
					<ondown>81</ondown>
					<texturenofocus></texturenofocus>
					<texturefocus border="6">forum-browser-keyboard/forum-browser-KeyboardKey.png</texturefocus>
					<align>center</align>
					<aligny>center</aligny>
					<font>ForumBrowser-font12</font>
					<textcolor>white</textcolor><focusedcolor>FF000000</focusedcolor>
				</control>
				<control type="button" id="72">
					<description>'H' button</description>
					<posx>345</posx>
					<posy>25</posy>
					<width>36</width>
					<height>26</height>
					<onleft>71</onleft>
					<onright>73</onright>
					<onup>55</onup>
					<ondown>82</ondown>
					<texturenofocus></texturenofocus>
					<texturefocus border="6">forum-browser-keyboard/forum-browser-KeyboardKey.png</texturefocus>
					<align>center</align>
					<aligny>center</aligny>
					<font>ForumBrowser-font12</font>
					<textcolor>white</textcolor><focusedcolor>FF000000</focusedcolor>
				</control>
				<control type="button" id="73">
					<description>'I' button</description>
					<posx>380</posx>
					<posy>25</posy>
					<width>36</width>
					<height>26</height>
					<onleft>72</onleft>
					<onright>74</onright>
					<onup>56</onup>
					<ondown>83</ondown>
					<texturenofocus></texturenofocus>
					<texturefocus border="6">forum-browser-keyboard/forum-browser-KeyboardKey.png</texturefocus>
					<align>center</align>
					<aligny>center</aligny>
					<font>ForumBrowser-font12</font>
					<textcolor>white</textcolor><focusedcolor>FF000000</focusedcolor>
				</control>
				<control type="button" id="74">
					<description>'J' button</description>
					<posx>415</posx>
					<posy>25</posy>
					<width>36</width>
					<height>26</height>
					<onleft>73</onleft>
					<onright>302</onright>
					<onup>57</onup>
					<ondown>84</ondown>
					<texturenofocus></texturenofocus>
					<texturefocus border="6">forum-browser-keyboard/forum-browser-KeyboardKey.png</texturefocus>
					<align>center</align>
					<aligny>center</aligny>
					<font>ForumBrowser-font12</font>
					<textcolor>white</textcolor><focusedcolor>FF000000</focusedcolor>
				</control>
				<control type="radiobutton" id="303">
					<description>CAPS LOCK button</description>
					<posx>0</posx>
					<posy>50</posy>
					<width>101</width>
					<height>26</height>
					<label>20179</label>
					<onleft>84</onleft>
					<onright>75</onright>
					<onup>302</onup>
					<ondown>304</ondown>
					<texturenofocus></texturenofocus>
					<texturefocus border="6">forum-browser-keyboard/forum-browser-KeyboardKey.png</texturefocus>
					<radioposy>8</radioposy>
					<radiowidth>10</radiowidth>
					<radioheight>10</radioheight>
					<align>left</align>
					<aligny>center</aligny>
					<font>ForumBrowser-font10</font>
					<textcolor>white</textcolor><focusedcolor>FF000000</focusedcolor>
				</control>
				<control type="button" id="75">
					<description>'K' button</description>
					<posx>100</posx>
					<posy>50</posy>
					<width>36</width>
					<height>26</height>
					<onleft>303</onleft>
					<onright>76</onright>
					<onup>65</onup>
					<ondown>85</ondown>
					<texturenofocus></texturenofocus>
					<texturefocus border="6">forum-browser-keyboard/forum-browser-KeyboardKey.png</texturefocus>
					<align>center</align>
					<aligny>center</aligny>
					<font>ForumBrowser-font12</font>
					<textcolor>white</textcolor><focusedcolor>FF000000</focusedcolor>
				</control>
				<control type="button" id="76">
					<description>'L' button</description>
					<posx>135</posx>
					<posy>50</posy>
					<width>36</width>
					<height>26</height>
					<onleft>75</onleft>
					<onright>77</onright>
					<onup>66</onup>
					<ondown>86</ondown>
					<texturenofocus></texturenofocus>
					<texturefocus border="6">forum-browser-keyboard/forum-browser-KeyboardKey.png</texturefocus>
					<align>center</align>
					<aligny>center</aligny>
					<font>ForumBrowser-font12</font>
					<textcolor>white</textcolor><focusedcolor>FF000000</focusedcolor>
				</control>
				<control type="button" id="77">
					<description>'M' button</description>
					<posx>170</posx>
					<posy>50</posy>
					<width>36</width>
					<height>26</height>
					<onleft>76</onleft>
					<onright>78</onright>
					<onup>67</onup>
					<ondown>87</ondown>
					<texturenofocus></texturenofocus>
					<texturefocus border="6">forum-browser-keyboard/forum-browser-KeyboardKey.png</texturefocus>
					<align>center</align>
					<aligny>center</aligny>
					<font>ForumBrowser-font12</font>
					<textcolor>white</textcolor><focusedcolor>FF000000</focusedcolor>
				</control>
				<control type="button" id="78">
					<description>'N' button</description>
					<posx>205</posx>
					<posy>50</posy>
					<width>36</width>
					<height>26</height>
					<onleft>77</onleft>
					<onright>79</onright>
					<onup>68</onup>
					<ondown>88</ondown>
					<texturenofocus></texturenofocus>
					<texturefocus border="6">forum-browser-keyboard/forum-browser-KeyboardKey.png</texturefocus>
					<align>center</align>
					<aligny>center</aligny>
					<font>ForumBrowser-font12</font>
					<textcolor>white</textcolor><focusedcolor>FF000000</focusedcolor>
				</control>
				<control type="button" id="79">
					<description>'O' button</description>
					<posx>240</posx>
					<posy>50</posy>
					<width>36</width>
					<height>26</height>
					<onleft>78</onleft>
					<onright>80</onright>
					<onup>69</onup>
					<ondown>89</ondown>
					<texturenofocus></texturenofocus>
					<texturefocus border="6">forum-browser-keyboard/forum-browser-KeyboardKey.png</texturefocus>
					<align>center</align>
					<aligny>center</aligny>
					<font>ForumBrowser-font12</font>
					<textcolor>white</textcolor><focusedcolor>FF000000</focusedcolor>
				</control>
				<control type="button" id="80">
					<description>'P' button</description>
					<posx>275</posx>
					<posy>50</posy>
					<width>36</width>
					<height>26</height>
					<onleft>79</onleft>
					<onright>81</onright>
					<onup>70</onup>
					<ondown>90</ondown>
					<texturenofocus></texturenofocus>
					<texturefocus border="6">forum-browser-keyboard/forum-browser-KeyboardKey.png</texturefocus>
					<align>center</align>
					<aligny>center</aligny>
					<font>ForumBrowser-font12</font>
					<textcolor>white</textcolor><focusedcolor>FF000000</focusedcolor>
				</control>
				<control type="button" id="81">
					<description>'Q' button</description>
					<posx>310</posx>
					<posy>50</posy>
					<width>36</width>
					<height>26</height>
					<onleft>80</onleft>
					<onright>82</onright>
					<onup>71</onup>
					<ondown>8</ondown>
					<texturenofocus></texturenofocus>
					<texturefocus border="6">forum-browser-keyboard/forum-browser-KeyboardKey.png</texturefocus>
					<align>center</align>
					<aligny>center</aligny>
					<font>ForumBrowser-font12</font>
					<textcolor>white</textcolor><focusedcolor>FF000000</focusedcolor>
				</control>
				<control type="button" id="82">
					<description>'R' button</description>
					<posx>345</posx>
					<posy>50</posy>
					<width>36</width>
					<height>26</height>
					<onleft>81</onleft>
					<onright>83</onright>
					<onup>72</onup>
					<ondown>8</ondown>
					<texturenofocus></texturenofocus>
					<texturefocus border="6">forum-browser-keyboard/forum-browser-KeyboardKey.png</texturefocus>
					<align>center</align>
					<aligny>center</aligny>
					<font>ForumBrowser-font12</font>
					<textcolor>white</textcolor><focusedcolor>FF000000</focusedcolor>
				</control>
				<control type="button" id="83">
					<description>'S' button</description>
					<posx>380</posx>
					<posy>50</posy>
					<width>36</width>
					<height>26</height>
					<onleft>82</onleft>
					<onright>84</onright>
					<onup>73</onup>
					<ondown>8</ondown>
					<texturenofocus></texturenofocus>
					<texturefocus border="6">forum-browser-keyboard/forum-browser-KeyboardKey.png</texturefocus>
					<align>center</align>
					<aligny>center</aligny>
					<font>ForumBrowser-font12</font>
					<textcolor>white</textcolor><focusedcolor>FF000000</focusedcolor>
				</control>
				<control type="button" id="84">
					<description>'T' button</description>
					<posx>415</posx>
					<posy>50</posy>
					<width>36</width>
					<height>26</height>
					<onleft>83</onleft>
					<onright>303</onright>
					<onup>74</onup>
					<ondown>8</ondown>
					<texturenofocus></texturenofocus>
					<texturefocus border="6">forum-browser-keyboard/forum-browser-KeyboardKey.png</texturefocus>
					<align>center</align>
					<aligny>center</aligny>
					<font>ForumBrowser-font12</font>
					<textcolor>white</textcolor><focusedcolor>FF000000</focusedcolor>
				</control>
				<control type="radiobutton" id="304">
					<description>Symbols button</description>
					<posx>0</posx>
					<posy>75</posy>
					<width>101</width>
					<height>26</height>
					<label>20180</label>
					<onleft>8</onleft>
					<onright>85</onright>
					<onup>303</onup>
					<ondown>307</ondown>
					<texturenofocus></texturenofocus>
					<texturefocus border="6">forum-browser-keyboard/forum-browser-KeyboardKey.png</texturefocus>
					<radioposy>8</radioposy>
					<radiowidth>10</radiowidth>
					<radioheight>10</radioheight>
					<align>left</align>
					<aligny>center</aligny>
					<font>ForumBrowser-font10</font>
					<textcolor>white</textcolor><focusedcolor>FF000000</focusedcolor>
				</control>
				<control type="button" id="85">
					<description>'U' button</description>
					<posx>100</posx>
					<posy>75</posy>
					<width>36</width>
					<height>26</height>
					<onleft>304</onleft>
					<onright>86</onright>
					<onup>75</onup>
					<ondown>32</ondown>
					<texturenofocus></texturenofocus>
					<texturefocus border="6">forum-browser-keyboard/forum-browser-KeyboardKey.png</texturefocus>
					<align>center</align>
					<aligny>center</aligny>
					<font>ForumBrowser-font12</font>
					<textcolor>white</textcolor><focusedcolor>FF000000</focusedcolor>
				</control>
				<control type="button" id="86">
					<description>'V' button</description>
					<posx>135</posx>
					<posy>75</posy>
					<width>36</width>
					<height>26</height>
					<onleft>85</onleft>
					<onright>87</onright>
					<onup>76</onup>
					<ondown>32</ondown>
					<texturenofocus></texturenofocus>
					<texturefocus border="6">forum-browser-keyboard/forum-browser-KeyboardKey.png</texturefocus>
					<align>center</align>
					<aligny>center</aligny>
					<font>ForumBrowser-font12</font>
					<textcolor>white</textcolor><focusedcolor>FF000000</focusedcolor>
				</control>
				<control type="button" id="87">
					<description>'W' button</description>
					<posx>170</posx>
					<posy>75</posy>
					<width>36</width>
					<height>26</height>
					<onleft>86</onleft>
					<onright>88</onright>
					<onup>77</onup>
					<ondown>32</ondown>
					<texturenofocus></texturenofocus>
					<texturefocus border="6">forum-browser-keyboard/forum-browser-KeyboardKey.png</texturefocus>
					<align>center</align>
					<aligny>center</aligny>
					<font>ForumBrowser-font12</font>
					<textcolor>white</textcolor><focusedcolor>FF000000</focusedcolor>
				</control>
				<control type="button" id="88">
					<description>'X' button</description>
					<posx>205</posx>
					<posy>75</posy>
					<width>36</width>
					<height>26</height>
					<onleft>87</onleft>
					<onright>89</onright>
					<onup>78</onup>
					<ondown>32</ondown>
					<texturenofocus></texturenofocus>
					<texturefocus border="6">forum-browser-keyboard/forum-browser-KeyboardKey.png</texturefocus>
					<align>center</align>
					<aligny>center</aligny>
					<font>ForumBrowser-font12</font>
					<textcolor>white</textcolor><focusedcolor>FF000000</focusedcolor>
				</control>
				<control type="button" id="89">
					<description>'Y' button</description>
					<posx>240</posx>
					<posy>75</posy>
					<width>36</width>
					<height>26</height>
					<onleft>88</onleft>
					<onright>90</onright>
					<onup>79</onup>
					<ondown>32</ondown>
					<texturenofocus></texturenofocus>
					<texturefocus border="6">forum-browser-keyboard/forum-browser-KeyboardKey.png</texturefocus>
					<align>center</align>
					<aligny>center</aligny>
					<font>ForumBrowser-font12</font>
					<textcolor>white</textcolor><focusedcolor>FF000000</focusedcolor>
				</control>
				<control type="button" id="90">
					<description>'Z' button</description>
					<posx>275</posx>
					<posy>75</posy>
					<width>36</width>
					<height>26</height>
					<onleft>89</onleft>
					<onright>8</onright>
					<onup>80</onup>
					<ondown>32</ondown>
					<texturenofocus></texturenofocus>
					<texturefocus border="6">forum-browser-keyboard/forum-browser-KeyboardKey.png</texturefocus>
					<align>center</align>
					<aligny>center</aligny>
					<font>ForumBrowser-font12</font>
					<textcolor>white</textcolor><focusedcolor>FF000000</focusedcolor>
				</control>
				<control type="button" id="8">
					<description>BACKSPACE button</description>
					<posx>310</posx>
					<posy>75</posy>
					<width>141</width>
					<height>26</height>
					<label>20181</label>
					<onleft>90</onleft>
					<onright>304</onright>
					<onup>81</onup>
					<ondown>305</ondown>
					<texturenofocus></texturenofocus>
					<texturefocus border="6">forum-browser-keyboard/forum-browser-KeyboardKey.png</texturefocus>
					<align>center</align>
					<aligny>center</aligny>
					<font>ForumBrowser-font12</font>
					<textcolor>white</textcolor><focusedcolor>FF000000</focusedcolor>
				</control>
				<control type="button" id="307">
					<description>IP Input button</description>
					<posx>0</posx>
					<posy>100</posy>
					<width>101</width>
					<height>26</height>
					<texturenofocus></texturenofocus>
					<texturefocus border="6">forum-browser-keyboard/forum-browser-KeyboardKey.png</texturefocus>
					<label>1006</label>
					<font>ForumBrowser-font10</font>
					<align>left</align>
					<aligny>center</aligny>
					<onleft>306</onleft>
					<onright>32</onright>
					<onup>304</onup>
					<ondown>300</ondown>
					<textcolor>white</textcolor><focusedcolor>FF000000</focusedcolor>
				</control>
				<control type="button" id="32">
					<description>SPACE button</description>
					<posx>100</posx>
					<posy>100</posy>
					<width>251</width>
					<height>26</height>
					<label>20182</label>
					<texturenofocus></texturenofocus>
					<texturefocus border="6">forum-browser-keyboard/forum-browser-KeyboardKey.png</texturefocus>
					<align>center</align>
					<aligny>center</aligny>
					<font>ForumBrowser-font12</font>
					<textcolor>white</textcolor><focusedcolor>FF000000</focusedcolor>
					<onleft>307</onleft>
					<onright>305</onright>
					<onup>85</onup>
					<ondown>48</ondown>
				</control>
				<control type="button" id="305">
					<description>previous button</description>
					<posx>350</posx>
					<posy>100</posy>
					<width>51</width>
					<height>26</height>
					<label>&lt;</label>
					<align>center</align>
					<aligny>top</aligny>
					<textoffsety>-3</textoffsety>
					<texturenofocus></texturenofocus>
					<texturefocus border="6">forum-browser-keyboard/forum-browser-KeyboardKey.png</texturefocus>
					<font>ForumBrowser-font20</font>
					<textcolor>FF4488AA</textcolor><focusedcolor>FF000000</focusedcolor>
					<onleft>32</onleft>
					<onright>306</onright>
					<onup>8</onup>
					<ondown>54</ondown>
				</control>
				<control type="button" id="306">
					<description>next button</description>
					<posx>400</posx>
					<posy>100</posy>
					<width>51</width>
					<height>26</height>
					<label>&gt;</label>
					<align>center</align>
					<aligny>top</aligny>
					<textoffsety>-3</textoffsety>
					<texturenofocus></texturenofocus>
					<texturefocus border="6">forum-browser-keyboard/forum-browser-KeyboardKey.png</texturefocus>
					<font>ForumBrowser-font20</font>
					<textcolor>FF4488AA</textcolor><focusedcolor>FF000000</focusedcolor>
					<onleft>305</onleft>
					<onright>307</onright>
					<onup>8</onup>
					<ondown>56</ondown>
				</control>
			</control>
		</control>
	</controls>
</window>
