<?xml version="1.0" encoding="UTF-8" standalone="yes"?>
<window>
	<defaultcontrol>102</defaultcontrol>
	<animation effect="slide" end="0,540" time="200">WindowOpen</animation>
	<animation effect="slide" start="0,540" end="0,0" time="200">WindowClose</animation>
	<coordinates>
		<system>1</system>
		<posx>0</posx>
		<posy>-540</posy>
	</coordinates>
	<controls>
		<control type="group">
			<posx>0</posx>
			<posy>0</posy>
			<control type="image">
				<posx>0</posx>
				<posy>0</posy>
				<width>1920</width>
				<height>540</height>
				<texture>script-bluray-com-white_square.png</texture>
				<colordiffuse>FF808080</colordiffuse>
			</control>
			<control type="image">
				<posx>1290</posx>
				<posy>20</posy>
				<width>600</width>
				<height>500</height>
				<texture>script-bluray-com-white_square.png</texture>
				<colordiffuse>FF404040</colordiffuse>
			</control>
			<control type="image">
				<posx>660</posx>
				<posy>20</posy>
				<width>600</width>
				<height>500</height>
				<texture>script-bluray-com-white_square.png</texture>
				<colordiffuse>FF404040</colordiffuse>
			</control>
			<control type="image">
				<posx>190</posx>
				<posy>251</posy>
				<width>1730</width>
				<height>40</height>
				<texture>script-bluray-com-white_square.png</texture>
				<colordiffuse>FF000000</colordiffuse>
			</control>
			<control type="image">
				<posx>0</posx>
				<posy>540</posy>
				<width>1920</width>
				<height>20</height>
				<texture flipy="true">script-bluray-com-white_fade_up.png</texture>
				<colordiffuse>A0000000</colordiffuse>
			</control>
		</control>
		<control type="button" id="103">
			<description>Search</description>
			<onright>102</onright>
			<posx>30</posx>
			<posy>251</posy>
			<width>150</width>
			<height>38</height>
			<visible>true</visible>
			<font>font13</font>
			<align>center</align>
			<aligny>center</aligny>
			<textoffsetx>0</textoffsetx>
			<label>[B]SEARCH[/B]</label>
			<texturefocus>script-bluray-com-white_square.png</texturefocus>
			<colordiffuse>FF3090FF</colordiffuse>
			<texturenofocus></texturenofocus>
			<textcolor>FFFFFFFF</textcolor>
			<disabledcolor>FF555555</disabledcolor>
			<focusedcolor>FFFFFFFF</focusedcolor>
		</control>
		
		<control type="button" id="102">
			<description>Keywords</description>
			<onright>100</onright>
			<onleft>103</onleft>
			<posx>210</posx>
			<posy>251</posy>
			<width>600</width>
			<height>38</height>
			<visible>true</visible>
			<font>font13</font>
			<align>left</align>
			<aligny>center</aligny>
			<textoffsetx>0</textoffsetx>
			<label>Keywords</label>
			<texturefocus></texturefocus>
			<texturenofocus></texturenofocus>
			<textcolor>FFFFFFFF</textcolor>
			<disabledcolor>FF555555</disabledcolor>
			<focusedcolor>FF3090FF</focusedcolor>
		</control>
		<control type="group" id="200">
			<defaultcontrol>100</defaultcontrol>
			<posx>670</posx>
			<posy>61</posy>
			<control type="fixedlist" id="100">
				<posx>0</posx>
				<posy>0</posy>
				<width>580</width>
				<height>418</height>
				<scrolltime>200</scrolltime>
				<focusposition>5</focusposition>
				<onright>101</onright>
				<onleft>102</onleft>
				<itemlayout height="38">
					<control type="label">
						<posx>290</posx>
						<posy>0</posy>
						<width>580</width>
						<height>38</height>
						<font>font13</font>
						<aligny>center</aligny>
						<textcolor>FF808080</textcolor>
						<align>center</align>
						<label>$INFO[ListItem.Label]</label>
					</control>
				</itemlayout>
				<focusedlayout height="38">
					<control type="label">
						<posx>290</posx>
						<posy>0</posy>
						<width>580</width>
						<height>38</height>
						<font>font13</font>
						<aligny>center</aligny>
						<textcolor>FF3090FF</textcolor>
						<align>center</align>
						<label>$INFO[ListItem.Label]</label>
						<visible>Control.HasFocus(100)</visible>
					</control>
					<control type="label">
						<posx>290</posx>
						<posy>0</posy>
						<width>580</width>
						<height>38</height>
						<font>font13</font>
						<aligny>center</aligny>
						<textcolor>FFFFFFFF</textcolor>
						<align>center</align>
						<label>$INFO[ListItem.Label]</label>
						<visible>!Control.HasFocus(100)</visible>
					</control>
				</focusedlayout>
			</control>
		</control>
		<control type="group" id="201">
			<defaultcontrol>101</defaultcontrol>
			<posx>1300</posx>
			<posy>61</posy>
			<control type="fixedlist" id="101">
				<posx>0</posx>
				<posy>0</posy>
				<width>580</width>
				<height>418</height>
				<scrolltime>200</scrolltime>
				<focusposition>5</focusposition>
				<onleft>100</onleft>
				<itemlayout height="38">
					<control type="label">
						<posx>290</posx>
						<posy>0</posy>
						<width>580</width>
						<height>38</height>
						<font>font13</font>
						<aligny>center</aligny>
						<textcolor>FF808080</textcolor>
						<align>center</align>
						<label>$INFO[ListItem.Label]</label>
					</control>
					<control type="image">
						<posx>543</posx>
						<posy>10</posy>
						<width>27</width>
						<height>18</height>
						<texture>$INFO[ListItem.Property(flag)]</texture>
					</control>
				</itemlayout>
				<focusedlayout height="38">
					<control type="label">
						<posx>290</posx>
						<posy>0</posy>
						<width>580</width>
						<height>38</height>
						<font>font13</font>
						<aligny>center</aligny>
						<textcolor>FF3090FF</textcolor>
						<align>center</align>
						<label>$INFO[ListItem.Label]</label>
						<visible>Control.HasFocus(101)</visible>
					</control>
					<control type="label">
						<posx>290</posx>
						<posy>0</posy>
						<width>580</width>
						<height>38</height>
						<font>font13</font>
						<aligny>center</aligny>
						<textcolor>FFFFFFFF</textcolor>
						<align>center</align>
						<label>$INFO[ListItem.Label]</label>
						<visible>!Control.HasFocus(101)</visible>
					</control>
					<control type="image">
						<posx>543</posx>
						<posy>10</posy>
						<width>27</width>
						<height>18</height>
						<texture>$INFO[ListItem.Property(flag)]</texture>
					</control>
				</focusedlayout>
			</control>
		</control>
	</controls>
</window>
