<?xml version="1.0" encoding="UTF-8" standalone="yes"?>
<window>
	<defaultcontrol>200</defaultcontrol>
	<coordinates>
		<system>1</system>
		<posx>0</posx>
		<posy>0</posy>
	</coordinates>
	<controls>
		<control type="group">
			<posx>0</posx>
			<posy>0</posy>
			<control type="image">
				<posx>0</posx>
				<posy>0</posy>
				<width>1280</width>
				<height>720</height>
				<texture>password-storage-white_square.png</texture>
				<colordiffuse>FF000000</colordiffuse>
			</control>
			<control type="textbox" id="100">
				<posx>20</posx>
				<posy>20</posy>
				<width>1240</width>
				<height>520</height>
				<pagecontrol></pagecontrol>
				<colordiffuse>FFFFFFFF</colordiffuse>
				<font>ForumBrowser-font30</font>
				<scroll>true</scroll>
				<textcolor>FFFFFFFF</textcolor>
				<visible>true</visible>
				<label></label>
			</control>
			<control type="image">
				<posx>0</posx>
				<posy>555</posy>
				<width>1280</width>
				<height>165</height>
				<texture>password-storage-white_square.png</texture>
				<colordiffuse>FF111111</colordiffuse>
			</control>
			<control type="button" id="201">
				<label>[B]ERRORS[/B]</label>
				<textoffsetx>0</textoffsetx>
				<description>Errors Button</description>
				<posx>20</posx>
				<posy>575</posy>
				<width>1240</width>
				<height>60</height>
				<ondown>200</ondown>
				<font>ForumBrowser-font30</font>
				<aligny>center</aligny>
				<align>center</align>
			</control>
			<control type="button" id="200">
				<label>[B]KEYRING OPTIONS[/B]</label>
				<textoffsetx>0</textoffsetx>
				<description>Settings Button</description>
				<posx>20</posx>
				<posy>640</posy>
				<width>1240</width>
				<height>60</height>
				<onup>201</onup>
				<font>ForumBrowser-font30</font>
				<aligny>center</aligny>
				<align>center</align>
			</control>
		</control>
	</controls>
</window>
