<?xml version="1.0" encoding="UTF-8" standalone="yes"?>
<addon id="script.module.oe.pi.extras"
	name="Binaries for OpenElec"
	version="0.0.1"
	provider-name="Rick Phillips (ruuk)">
	<extension point="xbmc.python.module" library="lib" />
	<extension point="xbmc.addon.metadata">
		<summary lang="en">Currently provides mpg321</summary>
		<description lang="en">Currently provides mpg321</description>
		<platform>linux</platform>
		<license>GNU GENERAL PUBLIC LICENSE Version 2.1, February 1999</license>
		<forum></forum>
		<source></source>
	</extension>
</addon>
